,MVP - 1.5X Points,Flex_1,Flex_2,Flex_3,Flex_4,Salary,original index,MVP_ManFPPG,Flex1_ManFPPG,Flex2_ManFPPG,Flex3_ManFPPG,Flex4_ManFPPG,MVP_ManHi,Flex1_ManHi,Flex2_ManHi,Flex3_ManHi,Flex4_ManHi,MVP_ManLo,Flex1_ManLo,Flex2_ManLo,Flex3_ManLo,Flex4_ManLo,Total_ManFPPG,Total_ManHi,Total_ManLo
0,41200-31716:Dak Prescott,41200-38791:Ezekiel Elliott,41200-31001:Amari Cooper,41200-69956:Michael Gallup,41200-104421:Jesper Horsted,60000,2630,34.090000155,16.25833384,14.25833384,12.20999985,4.599999905,34.090000155,16.25833384,14.25833384,12.20999985,4.599999905,34.090000155,16.25833384,14.25833384,12.20999985,4.599999905,81.41666759,81.41666759,81.41666759
1,41200-31716:Dak Prescott,41200-38791:Ezekiel Elliott,41200-69956:Michael Gallup,41200-14257:Randall Cobb,41200-79974:Tarik Cohen,59500,3205,34.090000155,16.25833384,12.20999985,9.227272727,7.549999872999999,34.090000155,16.25833384,12.20999985,9.227272727,7.549999872999999,34.090000155,16.25833384,12.20999985,9.227272727,7.549999872999999,79.33560644500001,79.33560644500001,79.33560644500001
2,41200-31716:Dak Prescott,41200-38791:Ezekiel Elliott,41200-31001:Amari Cooper,41200-79974:Tarik Cohen,41200-6641:Jason Witten,60000,2685,34.090000155,16.25833384,14.25833384,7.549999872999999,6.983333588,34.090000155,16.25833384,14.25833384,7.549999872999999,6.983333588,34.090000155,16.25833384,14.25833384,7.549999872999999,6.983333588,79.140001296,79.140001296,79.140001296
3,41200-31716:Dak Prescott,41200-38791:Ezekiel Elliott,41200-31001:Amari Cooper,41200-69956:Michael Gallup,41200-30733:Cordarrelle Patterson,59500,2635,34.090000155,16.25833384,14.25833384,12.20999985,1.9727273419999998,34.090000155,16.25833384,14.25833384,12.20999985,1.9727273419999998,34.090000155,16.25833384,14.25833384,12.20999985,1.9727273419999998,78.789395027,78.789395027,78.789395027
4,41200-31716:Dak Prescott,41200-38791:Ezekiel Elliott,41200-31001:Amari Cooper,41200-14257:Randall Cobb,41200-104421:Jesper Horsted,58500,2675,34.090000155,16.25833384,14.25833384,9.227272727,4.599999905,34.090000155,16.25833384,14.25833384,9.227272727,4.599999905,34.090000155,16.25833384,14.25833384,9.227272727,4.599999905,78.433940467,78.433940467,78.433940467
5,41200-31716:Dak Prescott,41200-38791:Ezekiel Elliott,41200-69956:Michael Gallup,41200-27292:Brett Maher,41200-79974:Tarik Cohen,59500,3185,34.090000155,16.25833384,12.20999985,8.25,7.549999872999999,34.090000155,16.25833384,12.20999985,8.25,7.549999872999999,34.090000155,16.25833384,12.20999985,8.25,7.549999872999999,78.358333718,78.358333718,78.358333718
6,41200-31716:Dak Prescott,41200-31001:Amari Cooper,41200-73273:David Montgomery,41200-69956:Michael Gallup,41200-79974:Tarik Cohen,60000,6375,34.090000155,14.25833384,10.18333308,12.20999985,7.549999872999999,34.090000155,14.25833384,10.18333308,12.20999985,7.549999872999999,34.090000155,14.25833384,10.18333308,12.20999985,7.549999872999999,78.29166679800001,78.29166679800001,78.29166679800001
7,41200-31716:Dak Prescott,41200-28643:Allen Robinson II,41200-31001:Amari Cooper,41200-69956:Michael Gallup,41200-27527:Blake Jarwin,60000,4300,34.090000155,12.54166667,14.25833384,12.20999985,5.00909077,34.090000155,12.54166667,14.25833384,12.20999985,5.00909077,34.090000155,12.54166667,14.25833384,12.20999985,5.00909077,78.10909128499999,78.10909128499999,78.10909128499999
8,41200-31716:Dak Prescott,41200-38791:Ezekiel Elliott,41200-69956:Michael Gallup,41200-14257:Randall Cobb,41200-69307:Eddy Pineiro,59000,3210,34.090000155,16.25833384,12.20999985,9.227272727,6.0,34.090000155,16.25833384,12.20999985,9.227272727,6.0,34.090000155,16.25833384,12.20999985,9.227272727,6.0,77.785606572,77.785606572,77.785606572
9,41200-31716:Dak Prescott,41200-38791:Ezekiel Elliott,41200-73273:David Montgomery,41200-69956:Michael Gallup,41200-63759:Tony Pollard,59500,2810,34.090000155,16.25833384,10.18333308,12.20999985,5.036363775,34.090000155,16.25833384,10.18333308,12.20999985,5.036363775,34.090000155,16.25833384,10.18333308,12.20999985,5.036363775,77.7780307,77.7780307,77.7780307
10,41200-31716:Dak Prescott,41200-38791:Ezekiel Elliott,41200-73273:David Montgomery,41200-69956:Michael Gallup,41200-27527:Blake Jarwin,59000,2815,34.090000155,16.25833384,10.18333308,12.20999985,5.00909077,34.090000155,16.25833384,10.18333308,12.20999985,5.00909077,34.090000155,16.25833384,10.18333308,12.20999985,5.00909077,77.750757695,77.750757695,77.750757695
11,41200-31716:Dak Prescott,41200-31001:Amari Cooper,41200-73273:David Montgomery,41200-69956:Michael Gallup,41200-6641:Jason Witten,59000,6385,34.090000155,14.25833384,10.18333308,12.20999985,6.983333588,34.090000155,14.25833384,10.18333308,12.20999985,6.983333588,34.090000155,14.25833384,10.18333308,12.20999985,6.983333588,77.725000513,77.725000513,77.725000513
12,41200-31716:Dak Prescott,41200-28643:Allen Robinson II,41200-31001:Amari Cooper,41200-69956:Michael Gallup,41200-104421:Jesper Horsted,59500,4305,34.090000155,12.54166667,14.25833384,12.20999985,4.599999905,34.090000155,12.54166667,14.25833384,12.20999985,4.599999905,34.090000155,12.54166667,14.25833384,12.20999985,4.599999905,77.70000042,77.70000042,77.70000042
13,41200-31716:Dak Prescott,41200-38791:Ezekiel Elliott,41200-31001:Amari Cooper,41200-69307:Eddy Pineiro,41200-6641:Jason Witten,59500,2720,34.090000155,16.25833384,14.25833384,6.0,6.983333588,34.090000155,16.25833384,14.25833384,6.0,6.983333588,34.090000155,16.25833384,14.25833384,6.0,6.983333588,77.59000142299999,77.59000142299999,77.59000142299999
14,41200-31716:Dak Prescott,41200-38791:Ezekiel Elliott,41200-31001:Amari Cooper,41200-27292:Brett Maher,41200-104421:Jesper Horsted,58500,2665,34.090000155,16.25833384,14.25833384,8.25,4.599999905,34.090000155,16.25833384,14.25833384,8.25,4.599999905,34.090000155,16.25833384,14.25833384,8.25,4.599999905,77.45666774,77.45666774,77.45666774
15,41200-31716:Dak Prescott,41200-38791:Ezekiel Elliott,41200-31001:Amari Cooper,41200-73273:David Montgomery,41200-26458:Tavon Austin,60000,2620,34.090000155,16.25833384,14.25833384,10.18333308,2.660000038,34.090000155,16.25833384,14.25833384,10.18333308,2.660000038,34.090000155,16.25833384,14.25833384,10.18333308,2.660000038,77.450000953,77.450000953,77.450000953
16,41200-31716:Dak Prescott,41200-38791:Ezekiel Elliott,41200-73273:David Montgomery,41200-69956:Michael Gallup,41200-104421:Jesper Horsted,58500,2820,34.090000155,16.25833384,10.18333308,12.20999985,4.599999905,34.090000155,16.25833384,10.18333308,12.20999985,4.599999905,34.090000155,16.25833384,10.18333308,12.20999985,4.599999905,77.34166683000001,77.34166683000001,77.34166683000001
17,41200-31716:Dak Prescott,41200-31001:Amari Cooper,41200-69956:Michael Gallup,41200-14257:Randall Cobb,41200-79974:Tarik Cohen,58000,6825,34.090000155,14.25833384,12.20999985,9.227272727,7.549999872999999,34.090000155,14.25833384,12.20999985,9.227272727,7.549999872999999,34.090000155,14.25833384,12.20999985,9.227272727,7.549999872999999,77.33560644500001,77.33560644500001,77.33560644500001
18,41200-31716:Dak Prescott,41200-38791:Ezekiel Elliott,41200-73273:David Montgomery,41200-14257:Randall Cobb,41200-79974:Tarik Cohen,60000,2920,34.090000155,16.25833384,10.18333308,9.227272727,7.549999872999999,34.090000155,16.25833384,10.18333308,9.227272727,7.549999872999999,34.090000155,16.25833384,10.18333308,9.227272727,7.549999872999999,77.308939675,77.308939675,77.308939675
19,41200-31716:Dak Prescott,41200-38791:Ezekiel Elliott,41200-31001:Amari Cooper,41200-79974:Tarik Cohen,41200-63759:Tony Pollard,59000,2690,34.090000155,16.25833384,14.25833384,7.549999872999999,5.036363775,34.090000155,16.25833384,14.25833384,7.549999872999999,5.036363775,34.090000155,16.25833384,14.25833384,7.549999872999999,5.036363775,77.193031483,77.193031483,77.193031483
20,41200-31716:Dak Prescott,41200-38791:Ezekiel Elliott,41200-31001:Amari Cooper,41200-79974:Tarik Cohen,41200-27527:Blake Jarwin,58500,2695,34.090000155,16.25833384,14.25833384,7.549999872999999,5.00909077,34.090000155,16.25833384,14.25833384,7.549999872999999,5.00909077,34.090000155,16.25833384,14.25833384,7.549999872999999,5.00909077,77.165758478,77.165758478,77.165758478
21,41200-31716:Dak Prescott,41200-38791:Ezekiel Elliott,41200-28643:Allen Robinson II,41200-14257:Randall Cobb,41200-27527:Blake Jarwin,60000,2425,34.090000155,16.25833384,12.54166667,9.227272727,5.00909077,34.090000155,16.25833384,12.54166667,9.227272727,5.00909077,34.090000155,16.25833384,12.54166667,9.227272727,5.00909077,77.126364162,77.126364162,77.126364162
22,41200-31716:Dak Prescott,41200-28643:Allen Robinson II,41200-31001:Amari Cooper,41200-14257:Randall Cobb,41200-6641:Jason Witten,60000,4390,34.090000155,12.54166667,14.25833384,9.227272727,6.983333588,34.090000155,12.54166667,14.25833384,9.227272727,6.983333588,34.090000155,12.54166667,14.25833384,9.227272727,6.983333588,77.10060698,77.10060698,77.10060698
23,41200-31716:Dak Prescott,41200-38791:Ezekiel Elliott,41200-69956:Michael Gallup,41200-79974:Tarik Cohen,41200-6641:Jason Witten,58000,3230,34.090000155,16.25833384,12.20999985,7.549999872999999,6.983333588,34.090000155,16.25833384,12.20999985,7.549999872999999,6.983333588,34.090000155,16.25833384,12.20999985,7.549999872999999,6.983333588,77.09166730599999,77.09166730599999,77.09166730599999
24,41200-38628:Mitchell Trubisky,41200-31716:Dak Prescott,41200-31001:Amari Cooper,41200-69956:Michael Gallup,41200-26458:Tavon Austin,60000,396,20.02363587,22.72666677,14.25833384,12.20999985,2.660000038,20.02363587,22.72666677,14.25833384,12.20999985,2.660000038,20.02363587,22.72666677,14.25833384,12.20999985,2.660000038,71.878636368,71.878636368,71.878636368
25,41200-38628:Mitchell Trubisky,41200-31716:Dak Prescott,41200-69956:Michael Gallup,41200-14257:Randall Cobb,41200-79974:Tarik Cohen,60000,1056,20.02363587,22.72666677,12.20999985,9.227272727,7.549999872999999,20.02363587,22.72666677,12.20999985,9.227272727,7.549999872999999,20.02363587,22.72666677,12.20999985,9.227272727,7.549999872999999,71.73757509,71.73757509,71.73757509
26,41200-38628:Mitchell Trubisky,41200-31716:Dak Prescott,41200-31001:Amari Cooper,41200-14257:Randall Cobb,41200-63759:Tony Pollard,60000,456,20.02363587,22.72666677,14.25833384,9.227272727,5.036363775,20.02363587,22.72666677,14.25833384,9.227272727,5.036363775,20.02363587,22.72666677,14.25833384,9.227272727,5.036363775,71.272272982,71.272272982,71.272272982
27,41200-38628:Mitchell Trubisky,41200-31716:Dak Prescott,41200-31001:Amari Cooper,41200-14257:Randall Cobb,41200-27527:Blake Jarwin,59500,461,20.02363587,22.72666677,14.25833384,9.227272727,5.00909077,20.02363587,22.72666677,14.25833384,9.227272727,5.00909077,20.02363587,22.72666677,14.25833384,9.227272727,5.00909077,71.244999977,71.244999977,71.244999977
28,41200-38628:Mitchell Trubisky,41200-31716:Dak Prescott,41200-31001:Amari Cooper,41200-69956:Michael Gallup,41200-30733:Cordarrelle Patterson,60000,391,20.02363587,22.72666677,14.25833384,12.20999985,1.9727273419999998,20.02363587,22.72666677,14.25833384,12.20999985,1.9727273419999998,20.02363587,22.72666677,14.25833384,12.20999985,1.9727273419999998,71.191363672,71.191363672,71.191363672
29,41200-38628:Mitchell Trubisky,41200-31716:Dak Prescott,41200-69956:Michael Gallup,41200-14257:Randall Cobb,41200-6641:Jason Witten,59000,1066,20.02363587,22.72666677,12.20999985,9.227272727,6.983333588,20.02363587,22.72666677,12.20999985,9.227272727,6.983333588,20.02363587,22.72666677,12.20999985,9.227272727,6.983333588,71.170908805,71.170908805,71.170908805
30,41200-38628:Mitchell Trubisky,41200-31716:Dak Prescott,41200-38791:Ezekiel Elliott,41200-79974:Tarik Cohen,41200-104421:Jesper Horsted,60000,31,20.02363587,22.72666677,16.25833384,7.549999872999999,4.599999905,20.02363587,22.72666677,16.25833384,7.549999872999999,4.599999905,20.02363587,22.72666677,16.25833384,7.549999872999999,4.599999905,71.158636258,71.158636258,71.158636258
31,41200-38628:Mitchell Trubisky,41200-31716:Dak Prescott,41200-38791:Ezekiel Elliott,41200-6641:Jason Witten,41200-63759:Tony Pollard,60000,76,20.02363587,22.72666677,16.25833384,6.983333588,5.036363775,20.02363587,22.72666677,16.25833384,6.983333588,5.036363775,20.02363587,22.72666677,16.25833384,6.983333588,5.036363775,71.028333843,71.028333843,71.028333843
32,41200-38628:Mitchell Trubisky,41200-31716:Dak Prescott,41200-38791:Ezekiel Elliott,41200-6641:Jason Witten,41200-27527:Blake Jarwin,59500,81,20.02363587,22.72666677,16.25833384,6.983333588,5.00909077,20.02363587,22.72666677,16.25833384,6.983333588,5.00909077,20.02363587,22.72666677,16.25833384,6.983333588,5.00909077,71.001060838,71.001060838,71.001060838
33,41200-38628:Mitchell Trubisky,41200-31716:Dak Prescott,41200-38791:Ezekiel Elliott,41200-14257:Randall Cobb,41200-26458:Tavon Austin,60000,21,20.02363587,22.72666677,16.25833384,9.227272727,2.660000038,20.02363587,22.72666677,16.25833384,9.227272727,2.660000038,20.02363587,22.72666677,16.25833384,9.227272727,2.660000038,70.89590924500001,70.89590924500001,70.89590924500001
34,41200-38628:Mitchell Trubisky,41200-31716:Dak Prescott,41200-31001:Amari Cooper,41200-14257:Randall Cobb,41200-104421:Jesper Horsted,59000,466,20.02363587,22.72666677,14.25833384,9.227272727,4.599999905,20.02363587,22.72666677,14.25833384,9.227272727,4.599999905,20.02363587,22.72666677,14.25833384,9.227272727,4.599999905,70.83590911200001,70.83590911200001,70.83590911200001
35,41200-38628:Mitchell Trubisky,41200-31716:Dak Prescott,41200-69956:Michael Gallup,41200-27292:Brett Maher,41200-79974:Tarik Cohen,60000,1011,20.02363587,22.72666677,12.20999985,8.25,7.549999872999999,20.02363587,22.72666677,12.20999985,8.25,7.549999872999999,20.02363587,22.72666677,12.20999985,8.25,7.549999872999999,70.76030236300001,70.76030236300001,70.76030236300001
36,41200-38628:Mitchell Trubisky,41200-31716:Dak Prescott,41200-38791:Ezekiel Elliott,41200-6641:Jason Witten,41200-104421:Jesper Horsted,59000,86,20.02363587,22.72666677,16.25833384,6.983333588,4.599999905,20.02363587,22.72666677,16.25833384,6.983333588,4.599999905,20.02363587,22.72666677,16.25833384,6.983333588,4.599999905,70.591969973,70.591969973,70.591969973
37,41200-38628:Mitchell Trubisky,41200-31716:Dak Prescott,41200-31001:Amari Cooper,41200-27292:Brett Maher,41200-63759:Tony Pollard,60000,426,20.02363587,22.72666677,14.25833384,8.25,5.036363775,20.02363587,22.72666677,14.25833384,8.25,5.036363775,20.02363587,22.72666677,14.25833384,8.25,5.036363775,70.295000255,70.295000255,70.295000255
38,41200-38628:Mitchell Trubisky,41200-31716:Dak Prescott,41200-31001:Amari Cooper,41200-27292:Brett Maher,41200-27527:Blake Jarwin,59500,431,20.02363587,22.72666677,14.25833384,8.25,5.00909077,20.02363587,22.72666677,14.25833384,8.25,5.00909077,20.02363587,22.72666677,14.25833384,8.25,5.00909077,70.26772725000001,70.26772725000001,70.26772725000001
39,41200-38791:Ezekiel Elliott,41200-31716:Dak Prescott,41200-31001:Amari Cooper,41200-69956:Michael Gallup,41200-104421:Jesper Horsted,60000,2631,24.387500759999998,22.72666677,14.25833384,12.20999985,4.599999905,24.387500759999998,22.72666677,14.25833384,12.20999985,4.599999905,24.387500759999998,22.72666677,14.25833384,12.20999985,4.599999905,78.182501125,78.182501125,78.182501125
40,41200-38791:Ezekiel Elliott,41200-31716:Dak Prescott,41200-69956:Michael Gallup,41200-14257:Randall Cobb,41200-79974:Tarik Cohen,59500,3206,24.387500759999998,22.72666677,12.20999985,9.227272727,7.549999872999999,24.387500759999998,22.72666677,12.20999985,9.227272727,7.549999872999999,24.387500759999998,22.72666677,12.20999985,9.227272727,7.549999872999999,76.10143998000001,76.10143998000001,76.10143998000001
41,41200-38791:Ezekiel Elliott,41200-31716:Dak Prescott,41200-31001:Amari Cooper,41200-79974:Tarik Cohen,41200-6641:Jason Witten,60000,2686,24.387500759999998,22.72666677,14.25833384,7.549999872999999,6.983333588,24.387500759999998,22.72666677,14.25833384,7.549999872999999,6.983333588,24.387500759999998,22.72666677,14.25833384,7.549999872999999,6.983333588,75.90583483099999,75.90583483099999,75.90583483099999
42,41200-38791:Ezekiel Elliott,41200-31716:Dak Prescott,41200-31001:Amari Cooper,41200-69956:Michael Gallup,41200-30733:Cordarrelle Patterson,59500,2636,24.387500759999998,22.72666677,14.25833384,12.20999985,1.9727273419999998,24.387500759999998,22.72666677,14.25833384,12.20999985,1.9727273419999998,24.387500759999998,22.72666677,14.25833384,12.20999985,1.9727273419999998,75.555228562,75.555228562,75.555228562
43,41200-38791:Ezekiel Elliott,41200-31716:Dak Prescott,41200-31001:Amari Cooper,41200-14257:Randall Cobb,41200-104421:Jesper Horsted,58500,2676,24.387500759999998,22.72666677,14.25833384,9.227272727,4.599999905,24.387500759999998,22.72666677,14.25833384,9.227272727,4.599999905,24.387500759999998,22.72666677,14.25833384,9.227272727,4.599999905,75.19977400200001,75.19977400200001,75.19977400200001
44,41200-38791:Ezekiel Elliott,41200-31716:Dak Prescott,41200-69956:Michael Gallup,41200-27292:Brett Maher,41200-79974:Tarik Cohen,59500,3186,24.387500759999998,22.72666677,12.20999985,8.25,7.549999872999999,24.387500759999998,22.72666677,12.20999985,8.25,7.549999872999999,24.387500759999998,22.72666677,12.20999985,8.25,7.549999872999999,75.12416725300001,75.12416725300001,75.12416725300001
45,41200-38791:Ezekiel Elliott,41200-31716:Dak Prescott,41200-69956:Michael Gallup,41200-14257:Randall Cobb,41200-69307:Eddy Pineiro,59000,3211,24.387500759999998,22.72666677,12.20999985,9.227272727,6.0,24.387500759999998,22.72666677,12.20999985,9.227272727,6.0,24.387500759999998,22.72666677,12.20999985,9.227272727,6.0,74.551440107,74.551440107,74.551440107
46,41200-38791:Ezekiel Elliott,41200-31716:Dak Prescott,41200-73273:David Montgomery,41200-69956:Michael Gallup,41200-63759:Tony Pollard,59500,2811,24.387500759999998,22.72666677,10.18333308,12.20999985,5.036363775,24.387500759999998,22.72666677,10.18333308,12.20999985,5.036363775,24.387500759999998,22.72666677,10.18333308,12.20999985,5.036363775,74.543864235,74.543864235,74.543864235
47,41200-38791:Ezekiel Elliott,41200-31716:Dak Prescott,41200-73273:David Montgomery,41200-69956:Michael Gallup,41200-27527:Blake Jarwin,59000,2816,24.387500759999998,22.72666677,10.18333308,12.20999985,5.00909077,24.387500759999998,22.72666677,10.18333308,12.20999985,5.00909077,24.387500759999998,22.72666677,10.18333308,12.20999985,5.00909077,74.51659123,74.51659123,74.51659123
48,41200-38791:Ezekiel Elliott,41200-31716:Dak Prescott,41200-31001:Amari Cooper,41200-69307:Eddy Pineiro,41200-6641:Jason Witten,59500,2721,24.387500759999998,22.72666677,14.25833384,6.0,6.983333588,24.387500759999998,22.72666677,14.25833384,6.0,6.983333588,24.387500759999998,22.72666677,14.25833384,6.0,6.983333588,74.355834958,74.355834958,74.355834958
49,41200-38791:Ezekiel Elliott,41200-31716:Dak Prescott,41200-31001:Amari Cooper,41200-27292:Brett Maher,41200-104421:Jesper Horsted,58500,2666,24.387500759999998,22.72666677,14.25833384,8.25,4.599999905,24.387500759999998,22.72666677,14.25833384,8.25,4.599999905,24.387500759999998,22.72666677,14.25833384,8.25,4.599999905,74.22250127500001,74.22250127500001,74.22250127500001
50,41200-38791:Ezekiel Elliott,41200-31716:Dak Prescott,41200-31001:Amari Cooper,41200-73273:David Montgomery,41200-26458:Tavon Austin,60000,2621,24.387500759999998,22.72666677,14.25833384,10.18333308,2.660000038,24.387500759999998,22.72666677,14.25833384,10.18333308,2.660000038,24.387500759999998,22.72666677,14.25833384,10.18333308,2.660000038,74.21583448800001,74.21583448800001,74.21583448800001
51,41200-38791:Ezekiel Elliott,41200-31716:Dak Prescott,41200-73273:David Montgomery,41200-69956:Michael Gallup,41200-104421:Jesper Horsted,58500,2821,24.387500759999998,22.72666677,10.18333308,12.20999985,4.599999905,24.387500759999998,22.72666677,10.18333308,12.20999985,4.599999905,24.387500759999998,22.72666677,10.18333308,12.20999985,4.599999905,74.107500365,74.107500365,74.107500365
52,41200-38791:Ezekiel Elliott,41200-31716:Dak Prescott,41200-73273:David Montgomery,41200-14257:Randall Cobb,41200-79974:Tarik Cohen,60000,2921,24.387500759999998,22.72666677,10.18333308,9.227272727,7.549999872999999,24.387500759999998,22.72666677,10.18333308,9.227272727,7.549999872999999,24.387500759999998,22.72666677,10.18333308,9.227272727,7.549999872999999,74.07477321,74.07477321,74.07477321
53,41200-38791:Ezekiel Elliott,41200-31716:Dak Prescott,41200-31001:Amari Cooper,41200-79974:Tarik Cohen,41200-63759:Tony Pollard,59000,2691,24.387500759999998,22.72666677,14.25833384,7.549999872999999,5.036363775,24.387500759999998,22.72666677,14.25833384,7.549999872999999,5.036363775,24.387500759999998,22.72666677,14.25833384,7.549999872999999,5.036363775,73.958865018,73.958865018,73.958865018
54,41200-38791:Ezekiel Elliott,41200-31716:Dak Prescott,41200-31001:Amari Cooper,41200-79974:Tarik Cohen,41200-27527:Blake Jarwin,58500,2696,24.387500759999998,22.72666677,14.25833384,7.549999872999999,5.00909077,24.387500759999998,22.72666677,14.25833384,7.549999872999999,5.00909077,24.387500759999998,22.72666677,14.25833384,7.549999872999999,5.00909077,73.931592013,73.931592013,73.931592013
55,41200-38791:Ezekiel Elliott,41200-31716:Dak Prescott,41200-28643:Allen Robinson II,41200-14257:Randall Cobb,41200-27527:Blake Jarwin,60000,2426,24.387500759999998,22.72666677,12.54166667,9.227272727,5.00909077,24.387500759999998,22.72666677,12.54166667,9.227272727,5.00909077,24.387500759999998,22.72666677,12.54166667,9.227272727,5.00909077,73.892197697,73.892197697,73.892197697
56,41200-38791:Ezekiel Elliott,41200-31716:Dak Prescott,41200-69956:Michael Gallup,41200-79974:Tarik Cohen,41200-6641:Jason Witten,58000,3231,24.387500759999998,22.72666677,12.20999985,7.549999872999999,6.983333588,24.387500759999998,22.72666677,12.20999985,7.549999872999999,6.983333588,24.387500759999998,22.72666677,12.20999985,7.549999872999999,6.983333588,73.857500841,73.857500841,73.857500841
57,41200-38791:Ezekiel Elliott,41200-31716:Dak Prescott,41200-69956:Michael Gallup,41200-27292:Brett Maher,41200-69307:Eddy Pineiro,59000,3191,24.387500759999998,22.72666677,12.20999985,8.25,6.0,24.387500759999998,22.72666677,12.20999985,8.25,6.0,24.387500759999998,22.72666677,12.20999985,8.25,6.0,73.57416738,73.57416738,73.57416738
58,41200-38791:Ezekiel Elliott,41200-31716:Dak Prescott,41200-31001:Amari Cooper,41200-73273:David Montgomery,41200-30733:Cordarrelle Patterson,60000,2616,24.387500759999998,22.72666677,14.25833384,10.18333308,1.9727273419999998,24.387500759999998,22.72666677,14.25833384,10.18333308,1.9727273419999998,24.387500759999998,22.72666677,14.25833384,10.18333308,1.9727273419999998,73.528561792,73.528561792,73.528561792
59,41200-38791:Ezekiel Elliott,41200-31716:Dak Prescott,41200-31001:Amari Cooper,41200-79974:Tarik Cohen,41200-104421:Jesper Horsted,58000,2701,24.387500759999998,22.72666677,14.25833384,7.549999872999999,4.599999905,24.387500759999998,22.72666677,14.25833384,7.549999872999999,4.599999905,24.387500759999998,22.72666677,14.25833384,7.549999872999999,4.599999905,73.522501148,73.522501148,73.522501148
60,41200-38791:Ezekiel Elliott,41200-31716:Dak Prescott,41200-73273:David Montgomery,41200-14257:Randall Cobb,41200-6641:Jason Witten,59000,2931,24.387500759999998,22.72666677,10.18333308,9.227272727,6.983333588,24.387500759999998,22.72666677,10.18333308,9.227272727,6.983333588,24.387500759999998,22.72666677,10.18333308,9.227272727,6.983333588,73.50810692499999,73.50810692499999,73.50810692499999
61,41200-38791:Ezekiel Elliott,41200-31716:Dak Prescott,41200-28643:Allen Robinson II,41200-14257:Randall Cobb,41200-104421:Jesper Horsted,59500,2431,24.387500759999998,22.72666677,12.54166667,9.227272727,4.599999905,24.387500759999998,22.72666677,12.54166667,9.227272727,4.599999905,24.387500759999998,22.72666677,12.54166667,9.227272727,4.599999905,73.483106832,73.483106832,73.483106832
62,41200-38791:Ezekiel Elliott,41200-31716:Dak Prescott,41200-69956:Michael Gallup,41200-14257:Randall Cobb,41200-104421:Jesper Horsted,56500,3216,24.387500759999998,22.72666677,12.20999985,9.227272727,4.599999905,24.387500759999998,22.72666677,12.20999985,9.227272727,4.599999905,24.387500759999998,22.72666677,12.20999985,9.227272727,4.599999905,73.15144001200001,73.15144001200001,73.15144001200001
63,41200-38791:Ezekiel Elliott,41200-31716:Dak Prescott,41200-73273:David Montgomery,41200-27292:Brett Maher,41200-79974:Tarik Cohen,60000,2876,24.387500759999998,22.72666677,10.18333308,8.25,7.549999872999999,24.387500759999998,22.72666677,10.18333308,8.25,7.549999872999999,24.387500759999998,22.72666677,10.18333308,8.25,7.549999872999999,73.097500483,73.097500483,73.097500483
64,41200-38791:Ezekiel Elliott,41200-31716:Dak Prescott,41200-31001:Amari Cooper,41200-6641:Jason Witten,41200-104421:Jesper Horsted,57000,2756,24.387500759999998,22.72666677,14.25833384,6.983333588,4.599999905,24.387500759999998,22.72666677,14.25833384,6.983333588,4.599999905,24.387500759999998,22.72666677,14.25833384,6.983333588,4.599999905,72.955834863,72.955834863,72.955834863
65,41200-38791:Ezekiel Elliott,41200-31716:Dak Prescott,41200-28643:Allen Robinson II,41200-27292:Brett Maher,41200-27527:Blake Jarwin,60000,2401,24.387500759999998,22.72666677,12.54166667,8.25,5.00909077,24.387500759999998,22.72666677,12.54166667,8.25,5.00909077,24.387500759999998,22.72666677,12.54166667,8.25,5.00909077,72.91492497,72.91492497,72.91492497
66,41200-28643:Allen Robinson II,41200-31716:Dak Prescott,41200-31001:Amari Cooper,41200-69956:Michael Gallup,41200-27527:Blake Jarwin,60000,4301,18.812500005,22.72666677,14.25833384,12.20999985,5.00909077,18.812500005,22.72666677,14.25833384,12.20999985,5.00909077,18.812500005,22.72666677,14.25833384,12.20999985,5.00909077,73.01659123499999,73.01659123499999,73.01659123499999
67,41200-28643:Allen Robinson II,41200-31716:Dak Prescott,41200-31001:Amari Cooper,41200-69956:Michael Gallup,41200-104421:Jesper Horsted,59500,4306,18.812500005,22.72666677,14.25833384,12.20999985,4.599999905,18.812500005,22.72666677,14.25833384,12.20999985,4.599999905,18.812500005,22.72666677,14.25833384,12.20999985,4.599999905,72.60750037,72.60750037,72.60750037
68,41200-28643:Allen Robinson II,41200-38791:Ezekiel Elliott,41200-31716:Dak Prescott,41200-14257:Randall Cobb,41200-27527:Blake Jarwin,60000,2427,18.812500005,16.25833384,22.72666677,9.227272727,5.00909077,18.812500005,16.25833384,22.72666677,9.227272727,5.00909077,18.812500005,16.25833384,22.72666677,9.227272727,5.00909077,72.033864112,72.033864112,72.033864112
69,41200-28643:Allen Robinson II,41200-31716:Dak Prescott,41200-31001:Amari Cooper,41200-14257:Randall Cobb,41200-6641:Jason Witten,60000,4391,18.812500005,22.72666677,14.25833384,9.227272727,6.983333588,18.812500005,22.72666677,14.25833384,9.227272727,6.983333588,18.812500005,22.72666677,14.25833384,9.227272727,6.983333588,72.00810693,72.00810693,72.00810693
70,41200-28643:Allen Robinson II,41200-38791:Ezekiel Elliott,41200-31716:Dak Prescott,41200-14257:Randall Cobb,41200-104421:Jesper Horsted,59500,2432,18.812500005,16.25833384,22.72666677,9.227272727,4.599999905,18.812500005,16.25833384,22.72666677,9.227272727,4.599999905,18.812500005,16.25833384,22.72666677,9.227272727,4.599999905,71.62477324700001,71.62477324700001,71.62477324700001
71,41200-28643:Allen Robinson II,41200-31716:Dak Prescott,41200-69956:Michael Gallup,41200-27292:Brett Maher,41200-14257:Randall Cobb,59500,5001,18.812500005,22.72666677,12.20999985,8.25,9.227272727,18.812500005,22.72666677,12.20999985,8.25,9.227272727,18.812500005,22.72666677,12.20999985,8.25,9.227272727,71.226439352,71.226439352,71.226439352
72,41200-28643:Allen Robinson II,41200-38791:Ezekiel Elliott,41200-31716:Dak Prescott,41200-27292:Brett Maher,41200-27527:Blake Jarwin,60000,2402,18.812500005,16.25833384,22.72666677,8.25,5.00909077,18.812500005,16.25833384,22.72666677,8.25,5.00909077,18.812500005,16.25833384,22.72666677,8.25,5.00909077,71.05659138499999,71.05659138499999,71.05659138499999
73,41200-28643:Allen Robinson II,41200-31716:Dak Prescott,41200-31001:Amari Cooper,41200-27292:Brett Maher,41200-6641:Jason Witten,60000,4356,18.812500005,22.72666677,14.25833384,8.25,6.983333588,18.812500005,22.72666677,14.25833384,8.25,6.983333588,18.812500005,22.72666677,14.25833384,8.25,6.983333588,71.03083420299998,71.03083420299998,71.03083420299998
74,41200-28643:Allen Robinson II,41200-31716:Dak Prescott,41200-73273:David Montgomery,41200-69956:Michael Gallup,41200-6641:Jason Witten,60000,4606,18.812500005,22.72666677,10.18333308,12.20999985,6.983333588,18.812500005,22.72666677,10.18333308,12.20999985,6.983333588,18.812500005,22.72666677,10.18333308,12.20999985,6.983333588,70.91583329299999,70.91583329299999,70.91583329299999
75,41200-31001:Amari Cooper,41200-38791:Ezekiel Elliott,41200-31716:Dak Prescott,41200-69956:Michael Gallup,41200-104421:Jesper Horsted,60000,2632,21.38750076,16.25833384,22.72666677,12.20999985,4.599999905,21.38750076,16.25833384,22.72666677,12.20999985,4.599999905,21.38750076,16.25833384,22.72666677,12.20999985,4.599999905,77.182501125,77.182501125,77.182501125
76,41200-31001:Amari Cooper,41200-38791:Ezekiel Elliott,41200-31716:Dak Prescott,41200-79974:Tarik Cohen,41200-6641:Jason Witten,60000,2687,21.38750076,16.25833384,22.72666677,7.549999872999999,6.983333588,21.38750076,16.25833384,22.72666677,7.549999872999999,6.983333588,21.38750076,16.25833384,22.72666677,7.549999872999999,6.983333588,74.90583483099999,74.90583483099999,74.90583483099999
77,41200-31001:Amari Cooper,41200-38791:Ezekiel Elliott,41200-31716:Dak Prescott,41200-69956:Michael Gallup,41200-30733:Cordarrelle Patterson,59500,2637,21.38750076,16.25833384,22.72666677,12.20999985,1.9727273419999998,21.38750076,16.25833384,22.72666677,12.20999985,1.9727273419999998,21.38750076,16.25833384,22.72666677,12.20999985,1.9727273419999998,74.555228562,74.555228562,74.555228562
78,41200-31001:Amari Cooper,41200-38791:Ezekiel Elliott,41200-31716:Dak Prescott,41200-14257:Randall Cobb,41200-104421:Jesper Horsted,58500,2677,21.38750076,16.25833384,22.72666677,9.227272727,4.599999905,21.38750076,16.25833384,22.72666677,9.227272727,4.599999905,21.38750076,16.25833384,22.72666677,9.227272727,4.599999905,74.19977400200001,74.19977400200001,74.19977400200001
79,41200-31001:Amari Cooper,41200-31716:Dak Prescott,41200-73273:David Montgomery,41200-69956:Michael Gallup,41200-79974:Tarik Cohen,60000,6376,21.38750076,22.72666677,10.18333308,12.20999985,7.549999872999999,21.38750076,22.72666677,10.18333308,12.20999985,7.549999872999999,21.38750076,22.72666677,10.18333308,12.20999985,7.549999872999999,74.05750033300001,74.05750033300001,74.05750033300001
80,41200-31001:Amari Cooper,41200-28643:Allen Robinson II,41200-31716:Dak Prescott,41200-69956:Michael Gallup,41200-27527:Blake Jarwin,60000,4302,21.38750076,12.54166667,22.72666677,12.20999985,5.00909077,21.38750076,12.54166667,22.72666677,12.20999985,5.00909077,21.38750076,12.54166667,22.72666677,12.20999985,5.00909077,73.87492482,73.87492482,73.87492482
81,41200-31001:Amari Cooper,41200-31716:Dak Prescott,41200-73273:David Montgomery,41200-69956:Michael Gallup,41200-6641:Jason Witten,59000,6386,21.38750076,22.72666677,10.18333308,12.20999985,6.983333588,21.38750076,22.72666677,10.18333308,12.20999985,6.983333588,21.38750076,22.72666677,10.18333308,12.20999985,6.983333588,73.490834048,73.490834048,73.490834048
82,41200-31001:Amari Cooper,41200-28643:Allen Robinson II,41200-31716:Dak Prescott,41200-69956:Michael Gallup,41200-104421:Jesper Horsted,59500,4307,21.38750076,12.54166667,22.72666677,12.20999985,4.599999905,21.38750076,12.54166667,22.72666677,12.20999985,4.599999905,21.38750076,12.54166667,22.72666677,12.20999985,4.599999905,73.46583395500001,73.46583395500001,73.46583395500001
83,41200-31001:Amari Cooper,41200-38791:Ezekiel Elliott,41200-31716:Dak Prescott,41200-69307:Eddy Pineiro,41200-6641:Jason Witten,59500,2722,21.38750076,16.25833384,22.72666677,6.0,6.983333588,21.38750076,16.25833384,22.72666677,6.0,6.983333588,21.38750076,16.25833384,22.72666677,6.0,6.983333588,73.355834958,73.355834958,73.355834958
84,41200-73273:David Montgomery,41200-31001:Amari Cooper,41200-31716:Dak Prescott,41200-69956:Michael Gallup,41200-79974:Tarik Cohen,60000,6377,15.274999620000001,14.25833384,22.72666677,12.20999985,7.549999872999999,15.274999620000001,14.25833384,22.72666677,12.20999985,7.549999872999999,15.274999620000001,14.25833384,22.72666677,12.20999985,7.549999872999999,72.01999995300001,72.01999995300001,72.01999995300001
85,41200-73273:David Montgomery,41200-38791:Ezekiel Elliott,41200-31716:Dak Prescott,41200-69956:Michael Gallup,41200-63759:Tony Pollard,59500,2812,15.274999620000001,16.25833384,22.72666677,12.20999985,5.036363775,15.274999620000001,16.25833384,22.72666677,12.20999985,5.036363775,15.274999620000001,16.25833384,22.72666677,12.20999985,5.036363775,71.506363855,71.506363855,71.506363855
86,41200-73273:David Montgomery,41200-38791:Ezekiel Elliott,41200-31716:Dak Prescott,41200-69956:Michael Gallup,41200-27527:Blake Jarwin,59000,2817,15.274999620000001,16.25833384,22.72666677,12.20999985,5.00909077,15.274999620000001,16.25833384,22.72666677,12.20999985,5.00909077,15.274999620000001,16.25833384,22.72666677,12.20999985,5.00909077,71.47909085,71.47909085,71.47909085
87,41200-73273:David Montgomery,41200-31001:Amari Cooper,41200-31716:Dak Prescott,41200-69956:Michael Gallup,41200-6641:Jason Witten,59000,6387,15.274999620000001,14.25833384,22.72666677,12.20999985,6.983333588,15.274999620000001,14.25833384,22.72666677,12.20999985,6.983333588,15.274999620000001,14.25833384,22.72666677,12.20999985,6.983333588,71.453333668,71.453333668,71.453333668
88,41200-73273:David Montgomery,41200-38791:Ezekiel Elliott,41200-31001:Amari Cooper,41200-31716:Dak Prescott,41200-26458:Tavon Austin,60000,2623,15.274999620000001,16.25833384,14.25833384,22.72666677,2.660000038,15.274999620000001,16.25833384,14.25833384,22.72666677,2.660000038,15.274999620000001,16.25833384,14.25833384,22.72666677,2.660000038,71.17833410800002,71.17833410800002,71.17833410800002
89,41200-73273:David Montgomery,41200-38791:Ezekiel Elliott,41200-31716:Dak Prescott,41200-69956:Michael Gallup,41200-104421:Jesper Horsted,58500,2822,15.274999620000001,16.25833384,22.72666677,12.20999985,4.599999905,15.274999620000001,16.25833384,22.72666677,12.20999985,4.599999905,15.274999620000001,16.25833384,22.72666677,12.20999985,4.599999905,71.06999998500001,71.06999998500001,71.06999998500001
90,41200-73273:David Montgomery,41200-38791:Ezekiel Elliott,41200-31716:Dak Prescott,41200-14257:Randall Cobb,41200-79974:Tarik Cohen,60000,2922,15.274999620000001,16.25833384,22.72666677,9.227272727,7.549999872999999,15.274999620000001,16.25833384,22.72666677,9.227272727,7.549999872999999,15.274999620000001,16.25833384,22.72666677,9.227272727,7.549999872999999,71.03727283,71.03727283,71.03727283
91,41200-73273:David Montgomery,41200-38791:Ezekiel Elliott,41200-31001:Amari Cooper,41200-31716:Dak Prescott,41200-30733:Cordarrelle Patterson,60000,2618,15.274999620000001,16.25833384,14.25833384,22.72666677,1.9727273419999998,15.274999620000001,16.25833384,14.25833384,22.72666677,1.9727273419999998,15.274999620000001,16.25833384,14.25833384,22.72666677,1.9727273419999998,70.49106141200001,70.49106141200001,70.49106141200001
92,41200-73273:David Montgomery,41200-38791:Ezekiel Elliott,41200-31716:Dak Prescott,41200-14257:Randall Cobb,41200-6641:Jason Witten,59000,2932,15.274999620000001,16.25833384,22.72666677,9.227272727,6.983333588,15.274999620000001,16.25833384,22.72666677,9.227272727,6.983333588,15.274999620000001,16.25833384,22.72666677,9.227272727,6.983333588,70.470606545,70.470606545,70.470606545
93,41200-69956:Michael Gallup,41200-38791:Ezekiel Elliott,41200-31001:Amari Cooper,41200-31716:Dak Prescott,41200-104421:Jesper Horsted,60000,2633,18.314999775,16.25833384,14.25833384,22.72666677,4.599999905,18.314999775,16.25833384,14.25833384,22.72666677,4.599999905,18.314999775,16.25833384,14.25833384,22.72666677,4.599999905,76.15833413,76.15833413,76.15833413
94,41200-69956:Michael Gallup,41200-38791:Ezekiel Elliott,41200-31716:Dak Prescott,41200-14257:Randall Cobb,41200-79974:Tarik Cohen,59500,3207,18.314999775,16.25833384,22.72666677,9.227272727,7.549999872999999,18.314999775,16.25833384,22.72666677,9.227272727,7.549999872999999,18.314999775,16.25833384,22.72666677,9.227272727,7.549999872999999,74.07727298500001,74.07727298500001,74.07727298500001
95,41200-69956:Michael Gallup,41200-38791:Ezekiel Elliott,41200-31001:Amari Cooper,41200-31716:Dak Prescott,41200-30733:Cordarrelle Patterson,59500,2638,18.314999775,16.25833384,14.25833384,22.72666677,1.9727273419999998,18.314999775,16.25833384,14.25833384,22.72666677,1.9727273419999998,18.314999775,16.25833384,14.25833384,22.72666677,1.9727273419999998,73.531061567,73.531061567,73.531061567
96,41200-69956:Michael Gallup,41200-38791:Ezekiel Elliott,41200-31716:Dak Prescott,41200-27292:Brett Maher,41200-79974:Tarik Cohen,59500,3187,18.314999775,16.25833384,22.72666677,8.25,7.549999872999999,18.314999775,16.25833384,22.72666677,8.25,7.549999872999999,18.314999775,16.25833384,22.72666677,8.25,7.549999872999999,73.10000025800001,73.10000025800001,73.10000025800001
97,41200-69956:Michael Gallup,41200-31001:Amari Cooper,41200-73273:David Montgomery,41200-31716:Dak Prescott,41200-79974:Tarik Cohen,60000,6378,18.314999775,14.25833384,10.18333308,22.72666677,7.549999872999999,18.314999775,14.25833384,10.18333308,22.72666677,7.549999872999999,18.314999775,14.25833384,10.18333308,22.72666677,7.549999872999999,73.03333333800002,73.03333333800002,73.03333333800002
98,41200-69956:Michael Gallup,41200-28643:Allen Robinson II,41200-31001:Amari Cooper,41200-31716:Dak Prescott,41200-27527:Blake Jarwin,60000,4303,18.314999775,12.54166667,14.25833384,22.72666677,5.00909077,18.314999775,12.54166667,14.25833384,22.72666677,5.00909077,18.314999775,12.54166667,14.25833384,22.72666677,5.00909077,72.850757825,72.850757825,72.850757825
99,41200-69956:Michael Gallup,41200-38791:Ezekiel Elliott,41200-31716:Dak Prescott,41200-14257:Randall Cobb,41200-69307:Eddy Pineiro,59000,3212,18.314999775,16.25833384,22.72666677,9.227272727,6.0,18.314999775,16.25833384,22.72666677,9.227272727,6.0,18.314999775,16.25833384,22.72666677,9.227272727,6.0,72.527273112,72.527273112,72.527273112
100,41200-69956:Michael Gallup,41200-38791:Ezekiel Elliott,41200-73273:David Montgomery,41200-31716:Dak Prescott,41200-63759:Tony Pollard,59500,2813,18.314999775,16.25833384,10.18333308,22.72666677,5.036363775,18.314999775,16.25833384,10.18333308,22.72666677,5.036363775,18.314999775,16.25833384,10.18333308,22.72666677,5.036363775,72.51969723999999,72.51969723999999,72.51969723999999
101,41200-69956:Michael Gallup,41200-38791:Ezekiel Elliott,41200-73273:David Montgomery,41200-31716:Dak Prescott,41200-27527:Blake Jarwin,59000,2818,18.314999775,16.25833384,10.18333308,22.72666677,5.00909077,18.314999775,16.25833384,10.18333308,22.72666677,5.00909077,18.314999775,16.25833384,10.18333308,22.72666677,5.00909077,72.49242423499999,72.49242423499999,72.49242423499999
102,41200-41936:Anthony Miller,41200-31001:Amari Cooper,41200-69956:Michael Gallup,41200-31716:Dak Prescott,41200-14257:Randall Cobb,59500,6758,8.225000382,14.25833384,12.20999985,22.72666677,9.227272727,8.225000382,14.25833384,12.20999985,22.72666677,9.227272727,8.225000382,14.25833384,12.20999985,22.72666677,9.227272727,66.647273569,66.647273569,66.647273569
103,41200-41936:Anthony Miller,41200-38791:Ezekiel Elliott,41200-31001:Amari Cooper,41200-31716:Dak Prescott,41200-27527:Blake Jarwin,60000,2643,8.225000382,16.25833384,14.25833384,22.72666677,5.00909077,8.225000382,16.25833384,14.25833384,22.72666677,5.00909077,8.225000382,16.25833384,14.25833384,22.72666677,5.00909077,66.477425602,66.477425602,66.477425602
104,41200-41936:Anthony Miller,41200-38791:Ezekiel Elliott,41200-69956:Michael Gallup,41200-31716:Dak Prescott,41200-6641:Jason Witten,59500,3153,8.225000382,16.25833384,12.20999985,22.72666677,6.983333588,8.225000382,16.25833384,12.20999985,22.72666677,6.983333588,8.225000382,16.25833384,12.20999985,22.72666677,6.983333588,66.40333443,66.40333443,66.40333443
105,41200-27292:Brett Maher,41200-38791:Ezekiel Elliott,41200-69956:Michael Gallup,41200-31716:Dak Prescott,41200-79974:Tarik Cohen,59500,3188,12.375,16.25833384,12.20999985,22.72666677,7.549999872999999,12.375,16.25833384,12.20999985,22.72666677,7.549999872999999,12.375,16.25833384,12.20999985,22.72666677,7.549999872999999,71.12000033300001,71.12000033300001,71.12000033300001
106,41200-27292:Brett Maher,41200-38791:Ezekiel Elliott,41200-31001:Amari Cooper,41200-31716:Dak Prescott,41200-104421:Jesper Horsted,58500,2668,12.375,16.25833384,14.25833384,22.72666677,4.599999905,12.375,16.25833384,14.25833384,22.72666677,4.599999905,12.375,16.25833384,14.25833384,22.72666677,4.599999905,70.218334355,70.218334355,70.218334355
107,41200-27292:Brett Maher,41200-38791:Ezekiel Elliott,41200-69956:Michael Gallup,41200-31716:Dak Prescott,41200-69307:Eddy Pineiro,59000,3193,12.375,16.25833384,12.20999985,22.72666677,6.0,12.375,16.25833384,12.20999985,22.72666677,6.0,12.375,16.25833384,12.20999985,22.72666677,6.0,69.57000046,69.57000046,69.57000046
108,41200-14257:Randall Cobb,41200-38791:Ezekiel Elliott,41200-69956:Michael Gallup,41200-31716:Dak Prescott,41200-79974:Tarik Cohen,59500,3208,13.840909090500002,16.25833384,12.20999985,22.72666677,7.549999872999999,13.840909090500002,16.25833384,12.20999985,22.72666677,7.549999872999999,13.840909090500002,16.25833384,12.20999985,22.72666677,7.549999872999999,72.58590942350001,72.58590942350001,72.58590942350001
109,41200-14257:Randall Cobb,41200-38791:Ezekiel Elliott,41200-31001:Amari Cooper,41200-31716:Dak Prescott,41200-104421:Jesper Horsted,58500,2678,13.840909090500002,16.25833384,14.25833384,22.72666677,4.599999905,13.840909090500002,16.25833384,14.25833384,22.72666677,4.599999905,13.840909090500002,16.25833384,14.25833384,22.72666677,4.599999905,71.68424344550002,71.68424344550002,71.68424344550002
110,41200-14257:Randall Cobb,41200-38791:Ezekiel Elliott,41200-69956:Michael Gallup,41200-31716:Dak Prescott,41200-69307:Eddy Pineiro,59000,3213,13.840909090500002,16.25833384,12.20999985,22.72666677,6.0,13.840909090500002,16.25833384,12.20999985,22.72666677,6.0,13.840909090500002,16.25833384,12.20999985,22.72666677,6.0,71.03590955050001,71.03590955050001,71.03590955050001
111,41200-14257:Randall Cobb,41200-31001:Amari Cooper,41200-69956:Michael Gallup,41200-31716:Dak Prescott,41200-79974:Tarik Cohen,58000,6828,13.840909090500002,14.25833384,12.20999985,22.72666677,7.549999872999999,13.840909090500002,14.25833384,12.20999985,22.72666677,7.549999872999999,13.840909090500002,14.25833384,12.20999985,22.72666677,7.549999872999999,70.58590942350001,70.58590942350001,70.58590942350001
112,41200-14257:Randall Cobb,41200-38791:Ezekiel Elliott,41200-73273:David Montgomery,41200-31716:Dak Prescott,41200-79974:Tarik Cohen,60000,2923,13.840909090500002,16.25833384,10.18333308,22.72666677,7.549999872999999,13.840909090500002,16.25833384,10.18333308,22.72666677,7.549999872999999,13.840909090500002,16.25833384,10.18333308,22.72666677,7.549999872999999,70.55924265350001,70.55924265350001,70.55924265350001
113,41200-14257:Randall Cobb,41200-38791:Ezekiel Elliott,41200-28643:Allen Robinson II,41200-31716:Dak Prescott,41200-27527:Blake Jarwin,60000,2428,13.840909090500002,16.25833384,12.54166667,22.72666677,5.00909077,13.840909090500002,16.25833384,12.54166667,22.72666677,5.00909077,13.840909090500002,16.25833384,12.54166667,22.72666677,5.00909077,70.3766671405,70.3766671405,70.3766671405
114,41200-14257:Randall Cobb,41200-28643:Allen Robinson II,41200-31001:Amari Cooper,41200-31716:Dak Prescott,41200-6641:Jason Witten,60000,4393,13.840909090500002,12.54166667,14.25833384,22.72666677,6.983333588,13.840909090500002,12.54166667,14.25833384,22.72666677,6.983333588,13.840909090500002,12.54166667,14.25833384,22.72666677,6.983333588,70.3509099585,70.3509099585,70.3509099585
115,41200-14257:Randall Cobb,41200-38791:Ezekiel Elliott,41200-73273:David Montgomery,41200-31716:Dak Prescott,41200-6641:Jason Witten,59000,2933,13.840909090500002,16.25833384,10.18333308,22.72666677,6.983333588,13.840909090500002,16.25833384,10.18333308,22.72666677,6.983333588,13.840909090500002,16.25833384,10.18333308,22.72666677,6.983333588,69.9925763685,69.9925763685,69.9925763685
116,41200-14257:Randall Cobb,41200-38791:Ezekiel Elliott,41200-28643:Allen Robinson II,41200-31716:Dak Prescott,41200-104421:Jesper Horsted,59500,2433,13.840909090500002,16.25833384,12.54166667,22.72666677,4.599999905,13.840909090500002,16.25833384,12.54166667,22.72666677,4.599999905,13.840909090500002,16.25833384,12.54166667,22.72666677,4.599999905,69.96757627550001,69.96757627550001,69.96757627550001
117,41200-79974:Tarik Cohen,41200-38791:Ezekiel Elliott,41200-69956:Michael Gallup,41200-14257:Randall Cobb,41200-31716:Dak Prescott,59500,3209,11.3249998095,16.25833384,12.20999985,9.227272727,22.72666677,11.3249998095,16.25833384,12.20999985,9.227272727,22.72666677,11.3249998095,16.25833384,12.20999985,9.227272727,22.72666677,71.7472729965,71.7472729965,71.7472729965
118,41200-79974:Tarik Cohen,41200-38791:Ezekiel Elliott,41200-31001:Amari Cooper,41200-31716:Dak Prescott,41200-6641:Jason Witten,60000,2688,11.3249998095,16.25833384,14.25833384,22.72666677,6.983333588,11.3249998095,16.25833384,14.25833384,22.72666677,6.983333588,11.3249998095,16.25833384,14.25833384,22.72666677,6.983333588,71.5516678475,71.5516678475,71.5516678475
119,41200-79974:Tarik Cohen,41200-38791:Ezekiel Elliott,41200-69956:Michael Gallup,41200-27292:Brett Maher,41200-31716:Dak Prescott,59500,3189,11.3249998095,16.25833384,12.20999985,8.25,22.72666677,11.3249998095,16.25833384,12.20999985,8.25,22.72666677,11.3249998095,16.25833384,12.20999985,8.25,22.72666677,70.7700002695,70.7700002695,70.7700002695
120,41200-79974:Tarik Cohen,41200-31001:Amari Cooper,41200-73273:David Montgomery,41200-69956:Michael Gallup,41200-31716:Dak Prescott,60000,6379,11.3249998095,14.25833384,10.18333308,12.20999985,22.72666677,11.3249998095,14.25833384,10.18333308,12.20999985,22.72666677,11.3249998095,14.25833384,10.18333308,12.20999985,22.72666677,70.70333334950001,70.70333334950001,70.70333334950001
121,41200-79974:Tarik Cohen,41200-31001:Amari Cooper,41200-69956:Michael Gallup,41200-14257:Randall Cobb,41200-31716:Dak Prescott,58000,6829,11.3249998095,14.25833384,12.20999985,9.227272727,22.72666677,11.3249998095,14.25833384,12.20999985,9.227272727,22.72666677,11.3249998095,14.25833384,12.20999985,9.227272727,22.72666677,69.7472729965,69.7472729965,69.7472729965
122,41200-79974:Tarik Cohen,41200-38791:Ezekiel Elliott,41200-73273:David Montgomery,41200-14257:Randall Cobb,41200-31716:Dak Prescott,60000,2924,11.3249998095,16.25833384,10.18333308,9.227272727,22.72666677,11.3249998095,16.25833384,10.18333308,9.227272727,22.72666677,11.3249998095,16.25833384,10.18333308,9.227272727,22.72666677,69.7206062265,69.7206062265,69.7206062265
123,41200-69307:Eddy Pineiro,41200-38791:Ezekiel Elliott,41200-69956:Michael Gallup,41200-14257:Randall Cobb,41200-31716:Dak Prescott,59000,3214,9.0,16.25833384,12.20999985,9.227272727,22.72666677,9.0,16.25833384,12.20999985,9.227272727,22.72666677,9.0,16.25833384,12.20999985,9.227272727,22.72666677,69.422273187,69.422273187,69.422273187
124,41200-69307:Eddy Pineiro,41200-38791:Ezekiel Elliott,41200-31001:Amari Cooper,41200-31716:Dak Prescott,41200-6641:Jason Witten,59500,2723,9.0,16.25833384,14.25833384,22.72666677,6.983333588,9.0,16.25833384,14.25833384,22.72666677,6.983333588,9.0,16.25833384,14.25833384,22.72666677,6.983333588,69.226668038,69.226668038,69.226668038
125,41200-69307:Eddy Pineiro,41200-38791:Ezekiel Elliott,41200-69956:Michael Gallup,41200-27292:Brett Maher,41200-31716:Dak Prescott,59000,3194,9.0,16.25833384,12.20999985,8.25,22.72666677,9.0,16.25833384,12.20999985,8.25,22.72666677,9.0,16.25833384,12.20999985,8.25,22.72666677,68.44500046,68.44500046,68.44500046
126,41200-6641:Jason Witten,41200-38791:Ezekiel Elliott,41200-31001:Amari Cooper,41200-79974:Tarik Cohen,41200-31716:Dak Prescott,60000,2689,10.475000382,16.25833384,14.25833384,7.549999872999999,22.72666677,10.475000382,16.25833384,14.25833384,7.549999872999999,22.72666677,10.475000382,16.25833384,14.25833384,7.549999872999999,22.72666677,71.268334705,71.268334705,71.268334705
127,41200-6641:Jason Witten,41200-31001:Amari Cooper,41200-73273:David Montgomery,41200-69956:Michael Gallup,41200-31716:Dak Prescott,59000,6389,10.475000382,14.25833384,10.18333308,12.20999985,22.72666677,10.475000382,14.25833384,10.18333308,12.20999985,22.72666677,10.475000382,14.25833384,10.18333308,12.20999985,22.72666677,69.853333922,69.853333922,69.853333922
128,41200-6641:Jason Witten,41200-38791:Ezekiel Elliott,41200-31001:Amari Cooper,41200-69307:Eddy Pineiro,41200-31716:Dak Prescott,59500,2724,10.475000382,16.25833384,14.25833384,6.0,22.72666677,10.475000382,16.25833384,14.25833384,6.0,22.72666677,10.475000382,16.25833384,14.25833384,6.0,22.72666677,69.718334832,69.718334832,69.718334832
129,41200-6641:Jason Witten,41200-28643:Allen Robinson II,41200-31001:Amari Cooper,41200-14257:Randall Cobb,41200-31716:Dak Prescott,60000,4394,10.475000382,12.54166667,14.25833384,9.227272727,22.72666677,10.475000382,12.54166667,14.25833384,9.227272727,22.72666677,10.475000382,12.54166667,14.25833384,9.227272727,22.72666677,69.228940389,69.228940389,69.228940389
130,41200-6641:Jason Witten,41200-38791:Ezekiel Elliott,41200-69956:Michael Gallup,41200-79974:Tarik Cohen,41200-31716:Dak Prescott,58000,3234,10.475000382,16.25833384,12.20999985,7.549999872999999,22.72666677,10.475000382,16.25833384,12.20999985,7.549999872999999,22.72666677,10.475000382,16.25833384,12.20999985,7.549999872999999,22.72666677,69.220000715,69.220000715,69.220000715
131,41200-6641:Jason Witten,41200-38791:Ezekiel Elliott,41200-73273:David Montgomery,41200-14257:Randall Cobb,41200-31716:Dak Prescott,59000,2934,10.475000382,16.25833384,10.18333308,9.227272727,22.72666677,10.475000382,16.25833384,10.18333308,9.227272727,22.72666677,10.475000382,16.25833384,10.18333308,9.227272727,22.72666677,68.870606799,68.870606799,68.870606799
132,41200-63759:Tony Pollard,41200-38791:Ezekiel Elliott,41200-73273:David Montgomery,41200-69956:Michael Gallup,41200-31716:Dak Prescott,59500,2814,7.5545456625,16.25833384,10.18333308,12.20999985,22.72666677,7.5545456625,16.25833384,10.18333308,12.20999985,22.72666677,7.5545456625,16.25833384,10.18333308,12.20999985,22.72666677,68.9328792025,68.9328792025,68.9328792025
133,41200-63759:Tony Pollard,41200-38791:Ezekiel Elliott,41200-31001:Amari Cooper,41200-79974:Tarik Cohen,41200-31716:Dak Prescott,59000,2694,7.5545456625,16.25833384,14.25833384,7.549999872999999,22.72666677,7.5545456625,16.25833384,14.25833384,7.549999872999999,22.72666677,7.5545456625,16.25833384,14.25833384,7.549999872999999,22.72666677,68.3478799855,68.3478799855,68.3478799855
134,41200-63759:Tony Pollard,41200-38628:Mitchell Trubisky,41200-31001:Amari Cooper,41200-14257:Randall Cobb,41200-31716:Dak Prescott,60000,459,7.5545456625,13.34909058,14.25833384,9.227272727,22.72666677,7.5545456625,13.34909058,14.25833384,9.227272727,22.72666677,7.5545456625,13.34909058,14.25833384,9.227272727,22.72666677,67.1159095795,67.1159095795,67.1159095795
135,41200-27527:Blake Jarwin,41200-28643:Allen Robinson II,41200-31001:Amari Cooper,41200-69956:Michael Gallup,41200-31716:Dak Prescott,60000,4304,7.513636155,12.54166667,14.25833384,12.20999985,22.72666677,7.513636155,12.54166667,14.25833384,12.20999985,22.72666677,7.513636155,12.54166667,14.25833384,12.20999985,22.72666677,69.250303285,69.250303285,69.250303285
136,41200-27527:Blake Jarwin,41200-38791:Ezekiel Elliott,41200-73273:David Montgomery,41200-69956:Michael Gallup,41200-31716:Dak Prescott,59000,2819,7.513636155,16.25833384,10.18333308,12.20999985,22.72666677,7.513636155,16.25833384,10.18333308,12.20999985,22.72666677,7.513636155,16.25833384,10.18333308,12.20999985,22.72666677,68.891969695,68.891969695,68.891969695
137,41200-27527:Blake Jarwin,41200-38791:Ezekiel Elliott,41200-31001:Amari Cooper,41200-79974:Tarik Cohen,41200-31716:Dak Prescott,58500,2699,7.513636155,16.25833384,14.25833384,7.549999872999999,22.72666677,7.513636155,16.25833384,14.25833384,7.549999872999999,22.72666677,7.513636155,16.25833384,14.25833384,7.549999872999999,22.72666677,68.306970478,68.306970478,68.306970478
138,41200-104421:Jesper Horsted,41200-38791:Ezekiel Elliott,41200-31001:Amari Cooper,41200-69956:Michael Gallup,41200-31716:Dak Prescott,60000,2634,6.899999857499999,16.25833384,14.25833384,12.20999985,22.72666677,6.899999857499999,16.25833384,14.25833384,12.20999985,22.72666677,6.899999857499999,16.25833384,14.25833384,12.20999985,22.72666677,72.3533341575,72.3533341575,72.3533341575
139,41200-104421:Jesper Horsted,41200-38791:Ezekiel Elliott,41200-31001:Amari Cooper,41200-14257:Randall Cobb,41200-31716:Dak Prescott,58500,2679,6.899999857499999,16.25833384,14.25833384,9.227272727,22.72666677,6.899999857499999,16.25833384,14.25833384,9.227272727,22.72666677,6.899999857499999,16.25833384,14.25833384,9.227272727,22.72666677,69.3706070345,69.3706070345,69.3706070345
140,41200-104421:Jesper Horsted,41200-28643:Allen Robinson II,41200-31001:Amari Cooper,41200-69956:Michael Gallup,41200-31716:Dak Prescott,59500,4309,6.899999857499999,12.54166667,14.25833384,12.20999985,22.72666677,6.899999857499999,12.54166667,14.25833384,12.20999985,22.72666677,6.899999857499999,12.54166667,14.25833384,12.20999985,22.72666677,68.6366669875,68.6366669875,68.6366669875
141,41200-30733:Cordarrelle Patterson,41200-38791:Ezekiel Elliott,41200-31001:Amari Cooper,41200-69956:Michael Gallup,41200-31716:Dak Prescott,59500,2639,2.9590910129999997,16.25833384,14.25833384,12.20999985,22.72666677,2.9590910129999997,16.25833384,14.25833384,12.20999985,22.72666677,2.9590910129999997,16.25833384,14.25833384,12.20999985,22.72666677,68.412425313,68.412425313,68.412425313
142,41200-30733:Cordarrelle Patterson,41200-38791:Ezekiel Elliott,41200-31001:Amari Cooper,41200-73273:David Montgomery,41200-31716:Dak Prescott,60000,2619,2.9590910129999997,16.25833384,14.25833384,10.18333308,22.72666677,2.9590910129999997,16.25833384,14.25833384,10.18333308,22.72666677,2.9590910129999997,16.25833384,14.25833384,10.18333308,22.72666677,66.38575854300001,66.38575854300001,66.38575854300001
143,41200-30733:Cordarrelle Patterson,41200-38628:Mitchell Trubisky,41200-31001:Amari Cooper,41200-69956:Michael Gallup,41200-31716:Dak Prescott,60000,394,2.9590910129999997,13.34909058,14.25833384,12.20999985,22.72666677,2.9590910129999997,13.34909058,14.25833384,12.20999985,22.72666677,2.9590910129999997,13.34909058,14.25833384,12.20999985,22.72666677,65.503182053,65.503182053,65.503182053
144,41200-26458:Tavon Austin,41200-38791:Ezekiel Elliott,41200-31001:Amari Cooper,41200-73273:David Montgomery,41200-31716:Dak Prescott,60000,2624,3.9900000570000005,16.25833384,14.25833384,10.18333308,22.72666677,3.9900000570000005,16.25833384,14.25833384,10.18333308,22.72666677,3.9900000570000005,16.25833384,14.25833384,10.18333308,22.72666677,67.416667587,67.416667587,67.416667587
145,41200-26458:Tavon Austin,41200-38628:Mitchell Trubisky,41200-31001:Amari Cooper,41200-69956:Michael Gallup,41200-31716:Dak Prescott,60000,399,3.9900000570000005,13.34909058,14.25833384,12.20999985,22.72666677,3.9900000570000005,13.34909058,14.25833384,12.20999985,22.72666677,3.9900000570000005,13.34909058,14.25833384,12.20999985,22.72666677,66.53409109700002,66.53409109700002,66.53409109700002
146,41200-26458:Tavon Austin,41200-28643:Allen Robinson II,41200-31001:Amari Cooper,41200-69956:Michael Gallup,41200-31716:Dak Prescott,59000,4319,3.9900000570000005,12.54166667,14.25833384,12.20999985,22.72666677,3.9900000570000005,12.54166667,14.25833384,12.20999985,22.72666677,3.9900000570000005,12.54166667,14.25833384,12.20999985,22.72666677,65.726667187,65.726667187,65.726667187
147,41200-55042:Dalton Schultz,41200-38791:Ezekiel Elliott,41200-28643:Allen Robinson II,41200-69956:Michael Gallup,41200-31716:Dak Prescott,60000,2384,0.8250000180000001,16.25833384,12.54166667,12.20999985,22.72666677,0.8250000180000001,16.25833384,12.54166667,12.20999985,22.72666677,0.8250000180000001,16.25833384,12.54166667,12.20999985,22.72666677,64.561667148,64.561667148,64.561667148
148,41200-55042:Dalton Schultz,41200-38791:Ezekiel Elliott,41200-31001:Amari Cooper,41200-73273:David Montgomery,41200-31716:Dak Prescott,59500,2629,0.8250000180000001,16.25833384,14.25833384,10.18333308,22.72666677,0.8250000180000001,16.25833384,14.25833384,10.18333308,22.72666677,0.8250000180000001,16.25833384,14.25833384,10.18333308,22.72666677,64.251667548,64.251667548,64.251667548
149,41200-55042:Dalton Schultz,41200-38628:Mitchell Trubisky,41200-31001:Amari Cooper,41200-69956:Michael Gallup,41200-31716:Dak Prescott,59500,404,0.8250000180000001,13.34909058,14.25833384,12.20999985,22.72666677,0.8250000180000001,13.34909058,14.25833384,12.20999985,22.72666677,0.8250000180000001,13.34909058,14.25833384,12.20999985,22.72666677,63.369091058,63.369091058,63.369091058
