,Unnamed: 0_selection,MVP - 1.5X Points_selection,Flex_1_selection,Flex_2_selection,Flex_3_selection,Flex_4_selection,Salary_selection,original index,MVP_ManFPPG_selection,Flex1_ManFPPG_selection,Flex2_ManFPPG_selection,Flex3_ManFPPG_selection,Flex4_ManFPPG_selection,MVP_ManHi,Flex1_ManHi,Flex2_ManHi,Flex3_ManHi,Flex4_ManHi,MVP_ManLo,Flex1_ManLo,Flex2_ManLo,Flex3_ManLo,Flex4_ManLo,Total_ManFPPG_selection,Total_ManHi,Total_ManLo,scoring_index,scoring_type,selection_index,selection_type,Unnamed: 0_actuals,MVP - 1.5X Points_actuals,Flex_1_actuals,Flex_2_actuals,Flex_3_actuals,Flex_4_actuals,Salary_actuals,MVP_ManFPPG_actuals,Flex1_ManFPPG_actuals,Flex2_ManFPPG_actuals,Flex3_ManFPPG_actuals,Flex4_ManFPPG_actuals,MVP_Actual,Flex1_Actual,Flex2_Actual,Flex3_Actual,Flex4_Actual,Total_ManFPPG_actuals,predicted_index,Total_Actual,actual_index,Winnings
0,0,41085-54879:Deshaun Watson,41085-6498:Tom Brady,41085-7859:Julian Edelman,41085-6642:Nick Folk,41085-25813:Phillip Dorsett II,60000,4480,30.0,20,15,9,10,37.5,30,24,11,15,15.0,10,12,1,3,84.0,117.5,41.0,1,manfppg,0,mvp_top,4818,41085-54879:Deshaun Watson,41085-6498:Tom Brady,41085-7859:Julian Edelman,41085-6642:Nick Folk,41085-25813:Phillip Dorsett II,60000,30.0,20,15,9,10,42.54,25.34,18.9,0.0,2.5,84.0,0,89.28,4818,0.15
1,1,41085-6498:Tom Brady,41085-54879:Deshaun Watson,41085-7859:Julian Edelman,41085-6642:Nick Folk,41085-25813:Phillip Dorsett II,60000,4481,30.0,20,15,9,10,45.0,25,24,11,15,15.0,10,12,1,3,84.0,120.0,41.0,0,manfppg,1,mvp_top,5472,41085-6498:Tom Brady,41085-54879:Deshaun Watson,41085-7859:Julian Edelman,41085-6642:Nick Folk,41085-25813:Phillip Dorsett II,60000,30.0,20,15,9,10,38.01,28.36,18.9,0.0,2.5,84.0,1,87.77000000000002,5472,0.15
2,2,41085-54879:Deshaun Watson,41085-6498:Tom Brady,41085-7859:Julian Edelman,41085-25813:Phillip Dorsett II,41085-25837:Duke Johnson,58500,4545,30.0,20,15,10,8,37.5,30,24,15,10,15.0,10,12,3,2,83.0,116.5,42.0,3,manfppg,2,mvp_top,722,41085-54879:Deshaun Watson,41085-6498:Tom Brady,41085-7859:Julian Edelman,41085-25813:Phillip Dorsett II,41085-25837:Duke Johnson,58500,30.0,20,15,10,8,42.54,25.34,18.9,2.5,17.5,83.0,3,106.78,722,0.25
3,3,41085-6498:Tom Brady,41085-54879:Deshaun Watson,41085-7859:Julian Edelman,41085-25813:Phillip Dorsett II,41085-25837:Duke Johnson,58500,4546,30.0,20,15,10,8,45.0,25,24,15,10,15.0,10,12,3,2,83.0,119.0,42.0,2,manfppg,3,mvp_top,878,41085-6498:Tom Brady,41085-54879:Deshaun Watson,41085-7859:Julian Edelman,41085-25813:Phillip Dorsett II,41085-25837:Duke Johnson,58500,30.0,20,15,10,8,38.01,28.36,18.9,2.5,17.5,83.0,2,105.27,878,0.25
4,4,41085-6498:Tom Brady,41085-54879:Deshaun Watson,41085-7859:Julian Edelman,41085-6642:Nick Folk,41085-25837:Duke Johnson,59500,4496,30.0,20,15,9,8,45.0,25,24,11,10,15.0,10,12,1,2,82.0,115.0,40.0,18,manfppg,4,mvp_top,1204,41085-6498:Tom Brady,41085-54879:Deshaun Watson,41085-7859:Julian Edelman,41085-6642:Nick Folk,41085-25837:Duke Johnson,59500,30.0,20,15,9,8,38.01,28.36,18.9,0.0,17.5,82.0,6,102.77,1204,0.2
5,5,41085-6498:Tom Brady,41085-54879:Deshaun Watson,41085-7859:Julian Edelman,41085-29932:Ka'imi Fairbairn,41085-25837:Duke Johnson,60000,4441,30.0,20,15,9,8,45.0,25,24,11,10,15.0,10,12,1,2,82.0,115.0,40.0,15,manfppg,5,mvp_top,723,41085-6498:Tom Brady,41085-54879:Deshaun Watson,41085-7859:Julian Edelman,41085-29932:Ka'imi Fairbairn,41085-25837:Duke Johnson,60000,30.0,20,15,9,8,38.01,28.36,18.9,4.0,17.5,82.0,5,106.77,723,0.25
6,6,41085-6498:Tom Brady,41085-54879:Deshaun Watson,41085-7859:Julian Edelman,41085-25813:Phillip Dorsett II,41085-69168:N'Keal Harry,59000,4536,30.0,20,15,10,7,45.0,25,24,15,8,15.0,10,12,3,1,82.0,117.0,41.0,12,manfppg,6,mvp_top,5468,41085-6498:Tom Brady,41085-54879:Deshaun Watson,41085-7859:Julian Edelman,41085-25813:Phillip Dorsett II,41085-69168:N'Keal Harry,59000,30.0,20,15,10,7,38.01,28.36,18.9,2.5,0.0,82.0,11,87.77000000000002,5468,0.15
7,7,41085-6498:Tom Brady,41085-54879:Deshaun Watson,41085-28473:Carlos Hyde,41085-28930:James White,41085-25813:Phillip Dorsett II,59500,5886,30.0,20,12,10,10,45.0,25,15,15,15,15.0,10,7,1,3,82.0,115.0,36.0,11,manfppg,7,mvp_top,876,41085-6498:Tom Brady,41085-54879:Deshaun Watson,41085-28473:Carlos Hyde,41085-28930:James White,41085-25813:Phillip Dorsett II,59500,30.0,20,12,10,10,38.01,28.36,2.7,33.7,2.5,82.0,8,105.27,876,0.25
8,8,41085-6498:Tom Brady,41085-54879:Deshaun Watson,41085-7859:Julian Edelman,41085-25813:Phillip Dorsett II,41085-63634:Jakobi Meyers,58500,4541,30.0,20,15,10,7,45.0,25,24,15,10,15.0,10,12,3,1,82.0,119.0,41.0,9,manfppg,8,mvp_top,3139,41085-6498:Tom Brady,41085-54879:Deshaun Watson,41085-7859:Julian Edelman,41085-25813:Phillip Dorsett II,41085-63634:Jakobi Meyers,58500,30.0,20,15,10,7,38.01,28.36,18.9,2.5,6.1,82.0,4,93.87,3139,0.15
9,9,41085-6498:Tom Brady,41085-54879:Deshaun Watson,41085-7859:Julian Edelman,41085-28473:Carlos Hyde,41085-38301:Darren Fells,60000,4366,30.0,20,15,12,5,45.0,25,24,15,4,15.0,10,12,7,2,82.0,113.0,46.0,8,manfppg,9,mvp_top,2234,41085-6498:Tom Brady,41085-54879:Deshaun Watson,41085-7859:Julian Edelman,41085-28473:Carlos Hyde,41085-38301:Darren Fells,60000,30.0,20,15,12,5,38.01,28.36,18.9,2.7,9.3,82.0,10,97.27,2234,0.15
10,10,41085-6498:Tom Brady,41085-54879:Deshaun Watson,41085-28473:Carlos Hyde,41085-22018:Mohamed Sanu,41085-25813:Phillip Dorsett II,59000,5946,30.0,20,12,10,10,45.0,25,15,15,15,15.0,10,7,5,3,82.0,115.0,40.0,5,manfppg,10,mvp_top,14866,41085-6498:Tom Brady,41085-54879:Deshaun Watson,41085-28473:Carlos Hyde,41085-22018:Mohamed Sanu,41085-25813:Phillip Dorsett II,59000,30.0,20,12,10,10,38.01,28.36,2.7,2.9,2.5,82.0,15,74.47000000000001,14866,0.1
11,11,41085-6498:Tom Brady,41085-54879:Deshaun Watson,41085-53640:Sony Michel,41085-28473:Carlos Hyde,41085-25813:Phillip Dorsett II,60000,5326,30.0,20,10,12,10,45.0,25,10,15,15,15.0,10,3,7,3,82.0,110.0,38.0,6,manfppg,11,mvp_top,13355,41085-6498:Tom Brady,41085-54879:Deshaun Watson,41085-53640:Sony Michel,41085-28473:Carlos Hyde,41085-25813:Phillip Dorsett II,60000,30.0,20,10,12,10,38.01,28.36,4.5,2.7,2.5,82.0,16,76.07000000000002,13355,0.1
12,12,41085-54879:Deshaun Watson,41085-6498:Tom Brady,41085-7859:Julian Edelman,41085-6642:Nick Folk,41085-25837:Duke Johnson,59500,4495,30.0,20,15,9,8,37.5,30,24,11,10,15.0,10,12,1,2,82.0,112.5,40.0,4,manfppg,12,mvp_top,988,41085-54879:Deshaun Watson,41085-6498:Tom Brady,41085-7859:Julian Edelman,41085-6642:Nick Folk,41085-25837:Duke Johnson,59500,30.0,20,15,9,8,42.54,25.34,18.9,0.0,17.5,82.0,7,104.28,988,0.25
13,13,41085-54879:Deshaun Watson,41085-6498:Tom Brady,41085-28473:Carlos Hyde,41085-22018:Mohamed Sanu,41085-25813:Phillip Dorsett II,59000,5945,30.0,20,12,10,10,37.5,30,15,15,15,15.0,10,7,5,3,82.0,112.5,40.0,19,manfppg,13,mvp_top,13425,41085-54879:Deshaun Watson,41085-6498:Tom Brady,41085-28473:Carlos Hyde,41085-22018:Mohamed Sanu,41085-25813:Phillip Dorsett II,59000,30.0,20,12,10,10,42.54,25.34,2.7,2.9,2.5,82.0,17,75.98,13425,0.1
14,14,41085-54879:Deshaun Watson,41085-6498:Tom Brady,41085-7859:Julian Edelman,41085-25813:Phillip Dorsett II,41085-63634:Jakobi Meyers,58500,4540,30.0,20,15,10,7,37.5,30,24,15,10,15.0,10,12,3,1,82.0,116.5,41.0,16,manfppg,14,mvp_top,2692,41085-54879:Deshaun Watson,41085-6498:Tom Brady,41085-7859:Julian Edelman,41085-25813:Phillip Dorsett II,41085-63634:Jakobi Meyers,58500,30.0,20,15,10,7,42.54,25.34,18.9,2.5,6.1,82.0,13,95.38,2692,0.15
15,15,41085-54879:Deshaun Watson,41085-6498:Tom Brady,41085-7859:Julian Edelman,41085-29932:Ka'imi Fairbairn,41085-25837:Duke Johnson,60000,4440,30.0,20,15,9,8,37.5,30,24,11,10,15.0,10,12,1,2,82.0,112.5,40.0,14,manfppg,15,mvp_top,576,41085-54879:Deshaun Watson,41085-6498:Tom Brady,41085-7859:Julian Edelman,41085-29932:Ka'imi Fairbairn,41085-25837:Duke Johnson,60000,30.0,20,15,9,8,42.54,25.34,18.9,4.0,17.5,82.0,19,108.28,576,0.25
16,16,41085-54879:Deshaun Watson,41085-6498:Tom Brady,41085-7859:Julian Edelman,41085-25813:Phillip Dorsett II,41085-69168:N'Keal Harry,59000,4535,30.0,20,15,10,7,37.5,30,24,15,8,15.0,10,12,3,1,82.0,114.5,41.0,13,manfppg,16,mvp_top,4820,41085-54879:Deshaun Watson,41085-6498:Tom Brady,41085-7859:Julian Edelman,41085-25813:Phillip Dorsett II,41085-69168:N'Keal Harry,59000,30.0,20,15,10,7,42.54,25.34,18.9,2.5,0.0,82.0,18,89.28,4820,0.15
17,17,41085-54879:Deshaun Watson,41085-6498:Tom Brady,41085-28473:Carlos Hyde,41085-28930:James White,41085-25813:Phillip Dorsett II,59500,5885,30.0,20,12,10,10,37.5,30,15,15,15,15.0,10,7,1,3,82.0,112.5,36.0,10,manfppg,17,mvp_top,721,41085-54879:Deshaun Watson,41085-6498:Tom Brady,41085-28473:Carlos Hyde,41085-28930:James White,41085-25813:Phillip Dorsett II,59500,30.0,20,12,10,10,42.54,25.34,2.7,33.7,2.5,82.0,9,106.78,721,0.25
18,18,41085-54879:Deshaun Watson,41085-6498:Tom Brady,41085-53640:Sony Michel,41085-28473:Carlos Hyde,41085-25813:Phillip Dorsett II,60000,5325,30.0,20,10,12,10,37.5,30,10,15,15,15.0,10,3,7,3,82.0,107.5,38.0,7,manfppg,18,mvp_top,12066,41085-54879:Deshaun Watson,41085-6498:Tom Brady,41085-53640:Sony Michel,41085-28473:Carlos Hyde,41085-25813:Phillip Dorsett II,60000,30.0,20,10,12,10,42.54,25.34,4.5,2.7,2.5,82.0,12,77.58,12066,0.1
19,19,41085-54879:Deshaun Watson,41085-6498:Tom Brady,41085-7859:Julian Edelman,41085-28473:Carlos Hyde,41085-38301:Darren Fells,60000,4365,30.0,20,15,12,5,37.5,30,24,15,4,15.0,10,12,7,2,82.0,110.5,46.0,17,manfppg,19,mvp_top,1918,41085-54879:Deshaun Watson,41085-6498:Tom Brady,41085-7859:Julian Edelman,41085-28473:Carlos Hyde,41085-38301:Darren Fells,60000,30.0,20,15,12,5,42.54,25.34,18.9,2.7,9.3,82.0,14,98.78,1918,0.2
20,20,41085-7859:Julian Edelman,41085-6498:Tom Brady,41085-54879:Deshaun Watson,41085-6642:Nick Folk,41085-25813:Phillip Dorsett II,60000,4482,22.5,20,20,9,10,36.0,30,25,11,15,18.0,10,10,1,3,81.5,117.0,42.0,20,manfppg,20,mvp_top,7168,41085-7859:Julian Edelman,41085-6498:Tom Brady,41085-54879:Deshaun Watson,41085-6642:Nick Folk,41085-25813:Phillip Dorsett II,60000,22.5,20,20,9,10,28.35,25.34,28.36,0.0,2.5,81.5,20,84.55,7168,0.15
21,21,41085-6498:Tom Brady,41085-54879:Deshaun Watson,41085-28473:Carlos Hyde,41085-22018:Mohamed Sanu,41085-6642:Nick Folk,60000,5941,30.0,20,12,10,9,45.0,25,15,15,11,15.0,10,7,5,1,81.0,111.0,38.0,40,manfppg,21,mvp_top,17432,41085-6498:Tom Brady,41085-54879:Deshaun Watson,41085-28473:Carlos Hyde,41085-22018:Mohamed Sanu,41085-6642:Nick Folk,60000,30.0,20,12,10,9,38.01,28.36,2.7,2.9,0.0,81.0,24,71.97000000000001,17432,0.1
22,22,41085-6498:Tom Brady,41085-54879:Deshaun Watson,41085-7859:Julian Edelman,41085-6642:Nick Folk,41085-63634:Jakobi Meyers,59500,4491,30.0,20,15,9,7,45.0,25,24,11,10,15.0,10,12,1,1,81.0,115.0,39.0,36,manfppg,22,mvp_top,4005,41085-6498:Tom Brady,41085-54879:Deshaun Watson,41085-7859:Julian Edelman,41085-6642:Nick Folk,41085-63634:Jakobi Meyers,59500,30.0,20,15,9,7,38.01,28.36,18.9,0.0,6.1,81.0,38,91.37,4005,0.15
23,23,41085-6498:Tom Brady,41085-54879:Deshaun Watson,41085-7859:Julian Edelman,41085-25813:Phillip Dorsett II,41085-27457:Kenny Stills,57500,4561,30.0,20,15,10,6,45.0,25,24,15,7,15.0,10,12,3,1,81.0,116.0,41.0,29,manfppg,23,mvp_top,1417,41085-6498:Tom Brady,41085-54879:Deshaun Watson,41085-7859:Julian Edelman,41085-25813:Phillip Dorsett II,41085-27457:Kenny Stills,57500,30.0,20,15,10,6,38.01,28.36,18.9,2.5,13.6,81.0,23,101.37,1417,0.2
24,24,41085-54879:Deshaun Watson,41085-6498:Tom Brady,41085-28473:Carlos Hyde,41085-29932:Ka'imi Fairbairn,41085-25813:Phillip Dorsett II,58500,6005,30.0,20,12,9,10,37.5,30,15,11,15,15.0,10,7,1,3,81.0,108.5,36.0,38,manfppg,24,mvp_top,12461,41085-54879:Deshaun Watson,41085-6498:Tom Brady,41085-28473:Carlos Hyde,41085-29932:Ka'imi Fairbairn,41085-25813:Phillip Dorsett II,58500,30.0,20,12,9,10,42.54,25.34,2.7,4.0,2.5,81.0,32,77.08,12461,0.1
25,25,41085-6498:Tom Brady,41085-54879:Deshaun Watson,41085-7859:Julian Edelman,41085-28930:James White,41085-27457:Kenny Stills,60000,4376,30.0,20,15,10,6,45.0,25,24,15,7,15.0,10,12,1,1,81.0,116.0,39.0,33,manfppg,25,mvp_top,4,41085-6498:Tom Brady,41085-54879:Deshaun Watson,41085-7859:Julian Edelman,41085-28930:James White,41085-27457:Kenny Stills,60000,30.0,20,15,10,6,38.01,28.36,18.9,33.7,13.6,81.0,28,132.57000000000002,4,100.0
26,26,41085-6498:Tom Brady,41085-54879:Deshaun Watson,41085-28473:Carlos Hyde,41085-6642:Nick Folk,41085-25813:Phillip Dorsett II,58000,6061,30.0,20,12,9,10,45.0,25,15,11,15,15.0,10,7,1,3,81.0,111.0,36.0,32,manfppg,26,mvp_top,17870,41085-6498:Tom Brady,41085-54879:Deshaun Watson,41085-28473:Carlos Hyde,41085-6642:Nick Folk,41085-25813:Phillip Dorsett II,58000,30.0,20,12,9,10,38.01,28.36,2.7,0.0,2.5,81.0,37,71.57000000000002,17870,0.1
27,27,41085-6498:Tom Brady,41085-54879:Deshaun Watson,41085-7859:Julian Edelman,41085-22018:Mohamed Sanu,41085-27338:Rex Burkhead,60000,4401,30.0,20,15,10,6,45.0,25,24,15,6,15.0,10,12,5,2,81.0,115.0,44.0,28,manfppg,27,mvp_top,4633,41085-6498:Tom Brady,41085-54879:Deshaun Watson,41085-7859:Julian Edelman,41085-22018:Mohamed Sanu,41085-27338:Rex Burkhead,60000,30.0,20,15,10,6,38.01,28.36,18.9,2.9,1.5,81.0,25,89.67000000000002,4633,0.15
28,28,41085-6498:Tom Brady,41085-54879:Deshaun Watson,41085-7859:Julian Edelman,41085-25813:Phillip Dorsett II,41085-27338:Rex Burkhead,58000,4551,30.0,20,15,10,6,45.0,25,24,15,6,15.0,10,12,3,2,81.0,115.0,42.0,27,manfppg,28,mvp_top,4824,41085-6498:Tom Brady,41085-54879:Deshaun Watson,41085-7859:Julian Edelman,41085-25813:Phillip Dorsett II,41085-27338:Rex Burkhead,58000,30.0,20,15,10,6,38.01,28.36,18.9,2.5,1.5,81.0,30,89.27000000000002,4824,0.15
29,29,41085-6498:Tom Brady,41085-54879:Deshaun Watson,41085-7859:Julian Edelman,41085-29932:Ka'imi Fairbairn,41085-63634:Jakobi Meyers,60000,4436,30.0,20,15,9,7,45.0,25,24,11,10,15.0,10,12,1,1,81.0,115.0,39.0,41,manfppg,29,mvp_top,2699,41085-6498:Tom Brady,41085-54879:Deshaun Watson,41085-7859:Julian Edelman,41085-29932:Ka'imi Fairbairn,41085-63634:Jakobi Meyers,60000,30.0,20,15,9,7,38.01,28.36,18.9,4.0,6.1,81.0,36,95.37,2699,0.15
30,30,41085-54879:Deshaun Watson,41085-6498:Tom Brady,41085-28473:Carlos Hyde,41085-22018:Mohamed Sanu,41085-6642:Nick Folk,60000,5940,30.0,20,12,10,9,37.5,30,15,15,11,15.0,10,7,5,1,81.0,108.5,38.0,39,manfppg,30,mvp_top,15808,41085-54879:Deshaun Watson,41085-6498:Tom Brady,41085-28473:Carlos Hyde,41085-22018:Mohamed Sanu,41085-6642:Nick Folk,60000,30.0,20,12,10,9,42.54,25.34,2.7,2.9,0.0,81.0,33,73.48,15808,0.1
31,31,41085-54879:Deshaun Watson,41085-6498:Tom Brady,41085-7859:Julian Edelman,41085-28930:James White,41085-27457:Kenny Stills,60000,4375,30.0,20,15,10,6,37.5,30,24,15,7,15.0,10,12,1,1,81.0,113.5,39.0,34,manfppg,31,mvp_top,2,41085-54879:Deshaun Watson,41085-6498:Tom Brady,41085-7859:Julian Edelman,41085-28930:James White,41085-27457:Kenny Stills,60000,30.0,20,15,10,6,42.54,25.34,18.9,33.7,13.6,81.0,27,134.08,2,150.0
32,32,41085-54879:Deshaun Watson,41085-6498:Tom Brady,41085-7859:Julian Edelman,41085-6642:Nick Folk,41085-63634:Jakobi Meyers,59500,4490,30.0,20,15,9,7,37.5,30,24,11,10,15.0,10,12,1,1,81.0,112.5,39.0,35,manfppg,32,mvp_top,3470,41085-54879:Deshaun Watson,41085-6498:Tom Brady,41085-7859:Julian Edelman,41085-6642:Nick Folk,41085-63634:Jakobi Meyers,59500,30.0,20,15,9,7,42.54,25.34,18.9,0.0,6.1,81.0,35,92.88,3470,0.15
33,33,41085-54879:Deshaun Watson,41085-6498:Tom Brady,41085-7859:Julian Edelman,41085-29932:Ka'imi Fairbairn,41085-63634:Jakobi Meyers,60000,4435,30.0,20,15,9,7,37.5,30,24,11,10,15.0,10,12,1,1,81.0,112.5,39.0,42,manfppg,33,mvp_top,2315,41085-54879:Deshaun Watson,41085-6498:Tom Brady,41085-7859:Julian Edelman,41085-29932:Ka'imi Fairbairn,41085-63634:Jakobi Meyers,60000,30.0,20,15,9,7,42.54,25.34,18.9,4.0,6.1,81.0,42,96.88,2315,0.15
34,34,41085-54879:Deshaun Watson,41085-6498:Tom Brady,41085-7859:Julian Edelman,41085-6642:Nick Folk,41085-69168:N'Keal Harry,60000,4485,30.0,20,15,9,7,37.5,30,24,11,8,15.0,10,12,1,1,81.0,110.5,39.0,37,manfppg,34,mvp_top,5959,41085-54879:Deshaun Watson,41085-6498:Tom Brady,41085-7859:Julian Edelman,41085-6642:Nick Folk,41085-69168:N'Keal Harry,60000,30.0,20,15,9,7,42.54,25.34,18.9,0.0,0.0,81.0,40,86.78,5959,0.15
35,35,41085-7859:Julian Edelman,41085-6498:Tom Brady,41085-54879:Deshaun Watson,41085-25813:Phillip Dorsett II,41085-25837:Duke Johnson,58500,4547,22.5,20,20,10,8,36.0,30,25,15,10,18.0,10,10,3,2,80.5,116.0,43.0,43,manfppg,35,mvp_top,1307,41085-7859:Julian Edelman,41085-6498:Tom Brady,41085-54879:Deshaun Watson,41085-25813:Phillip Dorsett II,41085-25837:Duke Johnson,58500,22.5,20,20,10,8,28.35,25.34,28.36,2.5,17.5,80.5,43,102.05,1307,0.2
36,36,41085-7859:Julian Edelman,41085-6498:Tom Brady,41085-54879:Deshaun Watson,41085-29932:Ka'imi Fairbairn,41085-25837:Duke Johnson,60000,4442,22.5,20,20,9,8,36.0,30,25,11,10,18.0,10,10,1,2,79.5,112.0,41.0,90,manfppg,36,mvp_top,1100,41085-7859:Julian Edelman,41085-6498:Tom Brady,41085-54879:Deshaun Watson,41085-29932:Ka'imi Fairbairn,41085-25837:Duke Johnson,60000,22.5,20,20,9,8,28.35,25.34,28.36,4.0,17.5,79.5,94,103.55,1100,0.2
37,37,41085-7859:Julian Edelman,41085-6498:Tom Brady,41085-54879:Deshaun Watson,41085-6642:Nick Folk,41085-25837:Duke Johnson,59500,4497,22.5,20,20,9,8,36.0,30,25,11,10,18.0,10,10,1,2,79.5,112.0,41.0,93,manfppg,37,mvp_top,1736,41085-7859:Julian Edelman,41085-6498:Tom Brady,41085-54879:Deshaun Watson,41085-6642:Nick Folk,41085-25837:Duke Johnson,59500,22.5,20,20,9,8,28.35,25.34,28.36,0.0,17.5,79.5,90,99.55,1736,0.2
38,38,41085-7859:Julian Edelman,41085-6498:Tom Brady,41085-54879:Deshaun Watson,41085-25813:Phillip Dorsett II,41085-69168:N'Keal Harry,59000,4537,22.5,20,20,10,7,36.0,30,25,15,8,18.0,10,10,3,1,79.5,114.0,42.0,91,manfppg,38,mvp_top,7160,41085-7859:Julian Edelman,41085-6498:Tom Brady,41085-54879:Deshaun Watson,41085-25813:Phillip Dorsett II,41085-69168:N'Keal Harry,59000,22.5,20,20,10,7,28.35,25.34,28.36,2.5,0.0,79.5,91,84.55,7160,0.15
39,39,41085-7859:Julian Edelman,41085-6498:Tom Brady,41085-54879:Deshaun Watson,41085-25813:Phillip Dorsett II,41085-63634:Jakobi Meyers,58500,4542,22.5,20,20,10,7,36.0,30,25,15,10,18.0,10,10,3,1,79.5,116.0,42.0,94,manfppg,39,mvp_top,4273,41085-7859:Julian Edelman,41085-6498:Tom Brady,41085-54879:Deshaun Watson,41085-25813:Phillip Dorsett II,41085-63634:Jakobi Meyers,58500,22.5,20,20,10,7,28.35,25.34,28.36,2.5,6.1,79.5,93,90.65,4273,0.15
40,40,41085-7859:Julian Edelman,41085-6498:Tom Brady,41085-54879:Deshaun Watson,41085-28473:Carlos Hyde,41085-38301:Darren Fells,60000,4367,22.5,20,20,12,5,36.0,30,25,15,4,18.0,10,10,7,2,79.5,110.0,47.0,92,manfppg,40,mvp_top,3089,41085-7859:Julian Edelman,41085-6498:Tom Brady,41085-54879:Deshaun Watson,41085-28473:Carlos Hyde,41085-38301:Darren Fells,60000,22.5,20,20,12,5,28.35,25.34,28.36,2.7,9.3,79.5,92,94.05,3089,0.15
41,41,41085-25813:Phillip Dorsett II,41085-6498:Tom Brady,41085-7859:Julian Edelman,41085-6642:Nick Folk,41085-54879:Deshaun Watson,60000,4484,15.0,20,15,9,20,22.5,30,24,11,25,4.5,10,12,1,10,79.0,112.5,37.5,154,manfppg,41,mvp_top,13103,41085-25813:Phillip Dorsett II,41085-6498:Tom Brady,41085-7859:Julian Edelman,41085-6642:Nick Folk,41085-54879:Deshaun Watson,60000,15.0,20,15,9,20,3.75,25.34,18.9,0.0,28.36,79.0,111,76.35,13103,0.1
42,42,41085-7859:Julian Edelman,41085-6498:Tom Brady,41085-54879:Deshaun Watson,41085-22018:Mohamed Sanu,41085-27338:Rex Burkhead,60000,4402,22.5,20,20,10,6,36.0,30,25,15,6,18.0,10,10,5,2,78.5,112.0,45.0,161,manfppg,42,mvp_top,6123,41085-7859:Julian Edelman,41085-6498:Tom Brady,41085-54879:Deshaun Watson,41085-22018:Mohamed Sanu,41085-27338:Rex Burkhead,60000,22.5,20,20,10,6,28.35,25.34,28.36,2.9,1.5,78.5,165,86.45,6123,0.15
43,43,41085-7859:Julian Edelman,41085-6498:Tom Brady,41085-54879:Deshaun Watson,41085-6642:Nick Folk,41085-69168:N'Keal Harry,60000,4487,22.5,20,20,9,7,36.0,30,25,11,8,18.0,10,10,1,1,78.5,110.0,40.0,163,manfppg,43,mvp_top,8760,41085-7859:Julian Edelman,41085-6498:Tom Brady,41085-54879:Deshaun Watson,41085-6642:Nick Folk,41085-69168:N'Keal Harry,60000,22.5,20,20,9,7,28.35,25.34,28.36,0.0,0.0,78.5,162,82.05,8760,0.15
44,44,41085-7859:Julian Edelman,41085-6498:Tom Brady,41085-54879:Deshaun Watson,41085-29932:Ka'imi Fairbairn,41085-63634:Jakobi Meyers,60000,4437,22.5,20,20,9,7,36.0,30,25,11,10,18.0,10,10,1,1,78.5,112.0,40.0,165,manfppg,44,mvp_top,3725,41085-7859:Julian Edelman,41085-6498:Tom Brady,41085-54879:Deshaun Watson,41085-29932:Ka'imi Fairbairn,41085-63634:Jakobi Meyers,60000,22.5,20,20,9,7,28.35,25.34,28.36,4.0,6.1,78.5,166,92.15,3725,0.15
45,45,41085-7859:Julian Edelman,41085-6498:Tom Brady,41085-54879:Deshaun Watson,41085-22018:Mohamed Sanu,41085-27457:Kenny Stills,59500,4412,22.5,20,20,10,6,36.0,30,25,15,7,18.0,10,10,5,1,78.5,113.0,44.0,166,manfppg,45,mvp_top,1958,41085-7859:Julian Edelman,41085-6498:Tom Brady,41085-54879:Deshaun Watson,41085-22018:Mohamed Sanu,41085-27457:Kenny Stills,59500,22.5,20,20,10,6,28.35,25.34,28.36,2.9,13.6,78.5,164,98.55,1958,0.2
46,46,41085-7859:Julian Edelman,41085-6498:Tom Brady,41085-54879:Deshaun Watson,41085-6642:Nick Folk,41085-63634:Jakobi Meyers,59500,4492,22.5,20,20,9,7,36.0,30,25,11,10,18.0,10,10,1,1,78.5,112.0,40.0,164,manfppg,46,mvp_top,5272,41085-7859:Julian Edelman,41085-6498:Tom Brady,41085-54879:Deshaun Watson,41085-6642:Nick Folk,41085-63634:Jakobi Meyers,59500,22.5,20,20,9,7,28.35,25.34,28.36,0.0,6.1,78.5,161,88.14999999999998,5272,0.15
47,47,41085-6642:Nick Folk,41085-6498:Tom Brady,41085-7859:Julian Edelman,41085-54879:Deshaun Watson,41085-25813:Phillip Dorsett II,60000,4483,13.5,20,15,20,10,16.5,30,24,25,15,1.5,10,12,10,3,78.5,110.5,36.5,160,manfppg,47,mvp_top,14226,41085-6642:Nick Folk,41085-6498:Tom Brady,41085-7859:Julian Edelman,41085-54879:Deshaun Watson,41085-25813:Phillip Dorsett II,60000,13.5,20,15,20,10,0.0,25.34,18.9,28.36,2.5,78.5,163,75.1,14226,0.1
48,48,41085-7859:Julian Edelman,41085-6498:Tom Brady,41085-54879:Deshaun Watson,41085-25813:Phillip Dorsett II,41085-27457:Kenny Stills,57500,4562,22.5,20,20,10,6,36.0,30,25,15,7,18.0,10,10,3,1,78.5,113.0,42.0,162,manfppg,48,mvp_top,2033,41085-7859:Julian Edelman,41085-6498:Tom Brady,41085-54879:Deshaun Watson,41085-25813:Phillip Dorsett II,41085-27457:Kenny Stills,57500,22.5,20,20,10,6,28.35,25.34,28.36,2.5,13.6,78.5,159,98.15,2033,0.15
49,49,41085-28473:Carlos Hyde,41085-6498:Tom Brady,41085-7859:Julian Edelman,41085-54879:Deshaun Watson,41085-38301:Darren Fells,60000,4368,18.0,20,15,20,5,22.5,30,24,25,4,10.5,10,12,10,2,78.0,105.5,44.5,209,manfppg,49,mvp_top,6371,41085-28473:Carlos Hyde,41085-6498:Tom Brady,41085-7859:Julian Edelman,41085-54879:Deshaun Watson,41085-38301:Darren Fells,60000,18.0,20,15,20,5,4.050000000000002,25.34,18.9,28.36,9.3,78.0,204,85.95,6371,0.15
50,50,41085-28473:Carlos Hyde,41085-6498:Tom Brady,41085-54879:Deshaun Watson,41085-22018:Mohamed Sanu,41085-25813:Phillip Dorsett II,59000,5947,18.0,20,20,10,10,22.5,30,25,15,15,10.5,10,10,5,3,78.0,107.5,38.5,227,manfppg,50,mvp_top,28968,41085-28473:Carlos Hyde,41085-6498:Tom Brady,41085-54879:Deshaun Watson,41085-22018:Mohamed Sanu,41085-25813:Phillip Dorsett II,59000,18.0,20,20,10,10,4.050000000000002,25.34,28.36,2.9,2.5,78.0,221,63.15,28968,0.1
51,51,41085-28473:Carlos Hyde,41085-6498:Tom Brady,41085-54879:Deshaun Watson,41085-28930:James White,41085-25813:Phillip Dorsett II,59500,5887,18.0,20,20,10,10,22.5,30,25,15,15,10.5,10,10,1,3,78.0,107.5,34.5,222,manfppg,51,mvp_top,3117,41085-28473:Carlos Hyde,41085-6498:Tom Brady,41085-54879:Deshaun Watson,41085-28930:James White,41085-25813:Phillip Dorsett II,59500,18.0,20,20,10,10,4.050000000000002,25.34,28.36,33.7,2.5,78.0,180,93.95,3117,0.15
52,52,41085-28473:Carlos Hyde,41085-6498:Tom Brady,41085-53640:Sony Michel,41085-54879:Deshaun Watson,41085-25813:Phillip Dorsett II,60000,5328,18.0,20,10,20,10,22.5,30,10,25,15,10.5,10,3,10,3,78.0,102.5,36.5,174,manfppg,52,mvp_top,26620,41085-28473:Carlos Hyde,41085-6498:Tom Brady,41085-53640:Sony Michel,41085-54879:Deshaun Watson,41085-25813:Phillip Dorsett II,60000,18.0,20,10,20,10,4.050000000000002,25.34,4.5,28.36,2.5,78.0,217,64.75,26620,0.1
53,53,41085-25813:Phillip Dorsett II,41085-6498:Tom Brady,41085-7859:Julian Edelman,41085-54879:Deshaun Watson,41085-25837:Duke Johnson,58500,4548,15.0,20,15,20,8,22.5,30,24,25,10,4.5,10,12,10,2,78.0,111.5,38.5,190,manfppg,53,mvp_top,3146,41085-25813:Phillip Dorsett II,41085-6498:Tom Brady,41085-7859:Julian Edelman,41085-54879:Deshaun Watson,41085-25837:Duke Johnson,58500,15.0,20,15,20,8,3.75,25.34,18.9,28.36,17.5,78.0,170,93.85,3146,0.15
54,54,41085-22018:Mohamed Sanu,41085-6498:Tom Brady,41085-28473:Carlos Hyde,41085-54879:Deshaun Watson,41085-25813:Phillip Dorsett II,59000,5948,15.0,20,12,20,10,22.5,30,15,25,15,7.5,10,7,10,3,77.0,107.5,37.5,280,manfppg,54,mvp_top,28785,41085-22018:Mohamed Sanu,41085-6498:Tom Brady,41085-28473:Carlos Hyde,41085-54879:Deshaun Watson,41085-25813:Phillip Dorsett II,59000,15.0,20,12,20,10,4.35,25.34,2.7,28.36,2.5,77.0,369,63.25,28785,0.1
55,55,41085-28473:Carlos Hyde,41085-6498:Tom Brady,41085-54879:Deshaun Watson,41085-29932:Ka'imi Fairbairn,41085-25813:Phillip Dorsett II,58500,6007,18.0,20,20,9,10,22.5,30,25,11,15,10.5,10,10,1,3,77.0,103.5,34.5,267,manfppg,55,mvp_top,27339,41085-28473:Carlos Hyde,41085-6498:Tom Brady,41085-54879:Deshaun Watson,41085-29932:Ka'imi Fairbairn,41085-25813:Phillip Dorsett II,58500,18.0,20,20,9,10,4.050000000000002,25.34,28.36,4.0,2.5,77.0,339,64.25,27339,0.1
56,56,41085-28473:Carlos Hyde,41085-6498:Tom Brady,41085-54879:Deshaun Watson,41085-22018:Mohamed Sanu,41085-6642:Nick Folk,60000,5942,18.0,20,20,10,9,22.5,30,25,15,11,10.5,10,10,5,1,77.0,103.5,36.5,284,manfppg,56,mvp_top,32931,41085-28473:Carlos Hyde,41085-6498:Tom Brady,41085-54879:Deshaun Watson,41085-22018:Mohamed Sanu,41085-6642:Nick Folk,60000,18.0,20,20,10,9,4.050000000000002,25.34,28.36,2.9,0.0,77.0,331,60.65,32931,0.1
57,57,41085-25837:Duke Johnson,41085-6498:Tom Brady,41085-7859:Julian Edelman,41085-25813:Phillip Dorsett II,41085-54879:Deshaun Watson,58500,4549,12.0,20,15,10,20,15.0,30,24,15,25,3.0,10,12,3,10,77.0,109.0,38.0,380,manfppg,57,mvp_top,1431,41085-25837:Duke Johnson,41085-6498:Tom Brady,41085-7859:Julian Edelman,41085-25813:Phillip Dorsett II,41085-54879:Deshaun Watson,58500,12.0,20,15,10,20,26.25,25.34,18.9,2.5,28.36,77.0,351,101.35,1431,0.2
58,58,41085-25813:Phillip Dorsett II,41085-6498:Tom Brady,41085-7859:Julian Edelman,41085-54879:Deshaun Watson,41085-63634:Jakobi Meyers,58500,4543,15.0,20,15,20,7,22.5,30,24,25,10,4.5,10,12,10,1,77.0,111.5,37.5,384,manfppg,58,mvp_top,8543,41085-25813:Phillip Dorsett II,41085-6498:Tom Brady,41085-7859:Julian Edelman,41085-54879:Deshaun Watson,41085-63634:Jakobi Meyers,58500,15.0,20,15,20,7,3.75,25.34,18.9,28.36,6.1,77.0,325,82.44999999999997,8543,0.15
59,59,41085-25813:Phillip Dorsett II,41085-6498:Tom Brady,41085-7859:Julian Edelman,41085-54879:Deshaun Watson,41085-69168:N'Keal Harry,59000,4538,15.0,20,15,20,7,22.5,30,24,25,8,4.5,10,12,10,1,77.0,109.5,37.5,377,manfppg,59,mvp_top,13100,41085-25813:Phillip Dorsett II,41085-6498:Tom Brady,41085-7859:Julian Edelman,41085-54879:Deshaun Watson,41085-69168:N'Keal Harry,59000,15.0,20,15,20,7,3.75,25.34,18.9,28.36,0.0,77.0,332,76.35,13100,0.1
60,60,41085-25813:Phillip Dorsett II,41085-6498:Tom Brady,41085-53640:Sony Michel,41085-28473:Carlos Hyde,41085-54879:Deshaun Watson,60000,5329,15.0,20,10,12,20,22.5,30,10,15,25,4.5,10,3,7,10,77.0,102.5,34.5,345,manfppg,60,mvp_top,26752,41085-25813:Phillip Dorsett II,41085-6498:Tom Brady,41085-53640:Sony Michel,41085-28473:Carlos Hyde,41085-54879:Deshaun Watson,60000,15.0,20,10,12,20,3.75,25.34,4.5,2.7,28.36,77.0,288,64.65,26752,0.1
61,61,41085-25813:Phillip Dorsett II,41085-6498:Tom Brady,41085-28473:Carlos Hyde,41085-28930:James White,41085-54879:Deshaun Watson,59500,5889,15.0,20,12,10,20,22.5,30,15,15,25,4.5,10,7,1,10,77.0,107.5,32.5,297,manfppg,61,mvp_top,3142,41085-25813:Phillip Dorsett II,41085-6498:Tom Brady,41085-28473:Carlos Hyde,41085-28930:James White,41085-54879:Deshaun Watson,59500,15.0,20,12,10,20,3.75,25.34,2.7,33.7,28.36,77.0,335,93.85,3142,0.15
62,62,41085-25813:Phillip Dorsett II,41085-6498:Tom Brady,41085-28473:Carlos Hyde,41085-22018:Mohamed Sanu,41085-54879:Deshaun Watson,59000,5949,15.0,20,12,10,20,22.5,30,15,15,25,4.5,10,7,5,10,77.0,107.5,36.5,253,manfppg,62,mvp_top,29129,41085-25813:Phillip Dorsett II,41085-6498:Tom Brady,41085-28473:Carlos Hyde,41085-22018:Mohamed Sanu,41085-54879:Deshaun Watson,59000,15.0,20,12,10,20,3.75,25.34,2.7,2.9,28.36,77.0,368,63.05,29129,0.1
63,63,41085-28930:James White,41085-6498:Tom Brady,41085-28473:Carlos Hyde,41085-54879:Deshaun Watson,41085-25813:Phillip Dorsett II,59500,5888,15.0,20,12,20,10,22.5,30,15,25,15,1.5,10,7,10,3,77.0,107.5,31.5,294,manfppg,63,mvp_top,484,41085-28930:James White,41085-6498:Tom Brady,41085-28473:Carlos Hyde,41085-54879:Deshaun Watson,41085-25813:Phillip Dorsett II,59500,15.0,20,12,20,10,50.55,25.34,2.7,28.36,2.5,77.0,358,109.45,484,0.3
64,64,41085-53640:Sony Michel,41085-6498:Tom Brady,41085-54879:Deshaun Watson,41085-28473:Carlos Hyde,41085-25813:Phillip Dorsett II,60000,5327,15.0,20,20,12,10,15.0,30,25,15,15,4.5,10,10,7,3,77.0,100.0,34.5,341,manfppg,64,mvp_top,25337,41085-53640:Sony Michel,41085-6498:Tom Brady,41085-54879:Deshaun Watson,41085-28473:Carlos Hyde,41085-25813:Phillip Dorsett II,60000,15.0,20,20,12,10,6.75,25.34,28.36,2.7,2.5,77.0,287,65.65,25337,0.1
65,65,41085-29932:Ka'imi Fairbairn,41085-6498:Tom Brady,41085-7859:Julian Edelman,41085-54879:Deshaun Watson,41085-25837:Duke Johnson,60000,4443,13.5,20,15,20,8,16.5,30,24,25,10,1.5,10,12,10,2,76.5,105.5,35.5,399,manfppg,65,mvp_top,2507,41085-29932:Ka'imi Fairbairn,41085-6498:Tom Brady,41085-7859:Julian Edelman,41085-54879:Deshaun Watson,41085-25837:Duke Johnson,60000,13.5,20,15,20,8,6.0,25.34,18.9,28.36,17.5,76.5,392,96.1,2507,0.15
66,66,41085-6642:Nick Folk,41085-6498:Tom Brady,41085-7859:Julian Edelman,41085-54879:Deshaun Watson,41085-25837:Duke Johnson,59500,4498,13.5,20,15,20,8,16.5,30,24,25,10,1.5,10,12,10,2,76.5,105.5,35.5,400,manfppg,66,mvp_top,4467,41085-6642:Nick Folk,41085-6498:Tom Brady,41085-7859:Julian Edelman,41085-54879:Deshaun Watson,41085-25837:Duke Johnson,59500,13.5,20,15,20,8,0.0,25.34,18.9,28.36,17.5,76.5,394,90.1,4467,0.15
67,67,41085-22018:Mohamed Sanu,41085-6498:Tom Brady,41085-28473:Carlos Hyde,41085-54879:Deshaun Watson,41085-6642:Nick Folk,60000,5943,15.0,20,12,20,9,22.5,30,15,25,11,7.5,10,7,10,1,76.0,103.5,35.5,501,manfppg,67,mvp_top,32762,41085-22018:Mohamed Sanu,41085-6498:Tom Brady,41085-28473:Carlos Hyde,41085-54879:Deshaun Watson,41085-6642:Nick Folk,60000,15.0,20,12,20,9,4.35,25.34,2.7,28.36,0.0,76.0,434,60.75,32762,0.1
68,68,41085-28930:James White,41085-6498:Tom Brady,41085-7859:Julian Edelman,41085-54879:Deshaun Watson,41085-27457:Kenny Stills,60000,4378,15.0,20,15,20,6,22.5,30,24,25,7,1.5,10,12,10,1,76.0,108.5,34.5,524,manfppg,68,mvp_top,0,41085-28930:James White,41085-6498:Tom Brady,41085-7859:Julian Edelman,41085-54879:Deshaun Watson,41085-27457:Kenny Stills,60000,15.0,20,15,20,6,50.55,25.34,18.9,28.36,13.6,76.0,543,136.75,0,400.0
69,69,41085-22018:Mohamed Sanu,41085-6498:Tom Brady,41085-7859:Julian Edelman,41085-54879:Deshaun Watson,41085-27338:Rex Burkhead,60000,4403,15.0,20,15,20,6,22.5,30,24,25,6,7.5,10,12,10,2,76.0,107.5,41.5,490,manfppg,69,mvp_top,11384,41085-22018:Mohamed Sanu,41085-6498:Tom Brady,41085-7859:Julian Edelman,41085-54879:Deshaun Watson,41085-27338:Rex Burkhead,60000,15.0,20,15,20,6,4.35,25.34,18.9,28.36,1.5,76.0,478,78.44999999999997,11384,0.1
70,70,41085-25813:Phillip Dorsett II,41085-6498:Tom Brady,41085-7859:Julian Edelman,41085-54879:Deshaun Watson,41085-27457:Kenny Stills,57500,4563,15.0,20,15,20,6,22.5,30,24,25,7,4.5,10,12,10,1,76.0,108.5,37.5,443,manfppg,70,mvp_top,4516,41085-25813:Phillip Dorsett II,41085-6498:Tom Brady,41085-7859:Julian Edelman,41085-54879:Deshaun Watson,41085-27457:Kenny Stills,57500,15.0,20,15,20,6,3.75,25.34,18.9,28.36,13.6,76.0,477,89.94999999999996,4516,0.15
71,71,41085-25813:Phillip Dorsett II,41085-6498:Tom Brady,41085-7859:Julian Edelman,41085-54879:Deshaun Watson,41085-27338:Rex Burkhead,58000,4553,15.0,20,15,20,6,22.5,30,24,25,6,4.5,10,12,10,2,76.0,107.5,38.5,440,manfppg,71,mvp_top,11860,41085-25813:Phillip Dorsett II,41085-6498:Tom Brady,41085-7859:Julian Edelman,41085-54879:Deshaun Watson,41085-27338:Rex Burkhead,58000,15.0,20,15,20,6,3.75,25.34,18.9,28.36,1.5,76.0,471,77.85,11860,0.1
72,72,41085-25837:Duke Johnson,41085-6498:Tom Brady,41085-7859:Julian Edelman,41085-29932:Ka'imi Fairbairn,41085-54879:Deshaun Watson,60000,4444,12.0,20,15,9,20,15.0,30,24,11,25,3.0,10,12,1,10,76.0,105.0,36.0,455,manfppg,72,mvp_top,1187,41085-25837:Duke Johnson,41085-6498:Tom Brady,41085-7859:Julian Edelman,41085-29932:Ka'imi Fairbairn,41085-54879:Deshaun Watson,60000,12.0,20,15,9,20,26.25,25.34,18.9,4.0,28.36,76.0,512,102.85,1187,0.2
73,73,41085-25837:Duke Johnson,41085-6498:Tom Brady,41085-7859:Julian Edelman,41085-6642:Nick Folk,41085-54879:Deshaun Watson,59500,4499,12.0,20,15,9,20,15.0,30,24,11,25,3.0,10,12,1,10,76.0,105.0,36.0,450,manfppg,73,mvp_top,1894,41085-25837:Duke Johnson,41085-6498:Tom Brady,41085-7859:Julian Edelman,41085-6642:Nick Folk,41085-54879:Deshaun Watson,59500,12.0,20,15,9,20,26.25,25.34,18.9,0.0,28.36,76.0,501,98.85,1894,0.2
74,74,41085-22018:Mohamed Sanu,41085-6498:Tom Brady,41085-7859:Julian Edelman,41085-54879:Deshaun Watson,41085-27457:Kenny Stills,59500,4413,15.0,20,15,20,6,22.5,30,24,25,7,7.5,10,12,10,1,76.0,108.5,40.5,412,manfppg,74,mvp_top,4318,41085-22018:Mohamed Sanu,41085-6498:Tom Brady,41085-7859:Julian Edelman,41085-54879:Deshaun Watson,41085-27457:Kenny Stills,59500,15.0,20,15,20,6,4.35,25.34,18.9,28.36,13.6,76.0,491,90.54999999999998,4318,0.15
75,75,41085-29932:Ka'imi Fairbairn,41085-6498:Tom Brady,41085-7859:Julian Edelman,41085-54879:Deshaun Watson,41085-63634:Jakobi Meyers,60000,4438,13.5,20,15,20,7,16.5,30,24,25,10,1.5,10,12,10,1,75.5,105.5,34.5,562,manfppg,75,mvp_top,7094,41085-29932:Ka'imi Fairbairn,41085-6498:Tom Brady,41085-7859:Julian Edelman,41085-54879:Deshaun Watson,41085-63634:Jakobi Meyers,60000,13.5,20,15,20,7,6.0,25.34,18.9,28.36,6.1,75.5,571,84.69999999999997,7094,0.15
76,76,41085-29932:Ka'imi Fairbairn,41085-6498:Tom Brady,41085-28473:Carlos Hyde,41085-54879:Deshaun Watson,41085-25813:Phillip Dorsett II,58500,6008,13.5,20,12,20,10,16.5,30,15,25,15,1.5,10,7,10,3,75.5,101.5,31.5,561,manfppg,76,mvp_top,26401,41085-29932:Ka'imi Fairbairn,41085-6498:Tom Brady,41085-28473:Carlos Hyde,41085-54879:Deshaun Watson,41085-25813:Phillip Dorsett II,58500,13.5,20,12,20,10,6.0,25.34,2.7,28.36,2.5,75.5,573,64.9,26401,0.1
77,77,41085-63634:Jakobi Meyers,41085-6498:Tom Brady,41085-7859:Julian Edelman,41085-25813:Phillip Dorsett II,41085-54879:Deshaun Watson,58500,4544,10.5,20,15,10,20,15.0,30,24,15,25,1.5,10,12,3,10,75.5,109.0,36.5,560,manfppg,77,mvp_top,7366,41085-63634:Jakobi Meyers,41085-6498:Tom Brady,41085-7859:Julian Edelman,41085-25813:Phillip Dorsett II,41085-54879:Deshaun Watson,58500,10.5,20,15,10,20,9.15,25.34,18.9,2.5,28.36,75.5,563,84.25,7366,0.15
78,78,41085-69168:N'Keal Harry,41085-6498:Tom Brady,41085-7859:Julian Edelman,41085-25813:Phillip Dorsett II,41085-54879:Deshaun Watson,59000,4539,10.5,20,15,10,20,12.0,30,24,15,25,1.5,10,12,3,10,75.5,106.0,36.5,564,manfppg,78,mvp_top,14229,41085-69168:N'Keal Harry,41085-6498:Tom Brady,41085-7859:Julian Edelman,41085-25813:Phillip Dorsett II,41085-54879:Deshaun Watson,59000,10.5,20,15,10,20,0.0,25.34,18.9,2.5,28.36,75.5,566,75.1,14229,0.1
79,79,41085-6642:Nick Folk,41085-6498:Tom Brady,41085-28473:Carlos Hyde,41085-22018:Mohamed Sanu,41085-54879:Deshaun Watson,60000,5944,13.5,20,12,10,20,16.5,30,15,15,25,1.5,10,7,5,10,75.5,101.5,33.5,563,manfppg,79,mvp_top,35273,41085-6642:Nick Folk,41085-6498:Tom Brady,41085-28473:Carlos Hyde,41085-22018:Mohamed Sanu,41085-54879:Deshaun Watson,60000,13.5,20,12,10,20,0.0,25.34,2.7,2.9,28.36,75.5,559,59.3,35273,0.1
80,80,41085-28930:James White,41085-6498:Tom Brady,41085-28473:Carlos Hyde,41085-54879:Deshaun Watson,41085-25837:Duke Johnson,59000,5903,15.0,20,12,20,8,22.5,30,15,25,10,1.5,10,7,10,2,75.0,102.5,30.5,664,manfppg,80,mvp_top,32,41085-28930:James White,41085-6498:Tom Brady,41085-28473:Carlos Hyde,41085-54879:Deshaun Watson,41085-25837:Duke Johnson,59000,15.0,20,12,20,8,50.55,25.34,2.7,28.36,17.5,75.0,582,124.45,32,4.0
81,81,41085-28930:James White,41085-6498:Tom Brady,41085-54879:Deshaun Watson,41085-22018:Mohamed Sanu,41085-25813:Phillip Dorsett II,58500,6402,15.0,20,20,10,10,22.5,30,25,15,15,1.5,10,10,5,3,75.0,107.5,29.5,709,manfppg,81,mvp_top,471,41085-28930:James White,41085-6498:Tom Brady,41085-54879:Deshaun Watson,41085-22018:Mohamed Sanu,41085-25813:Phillip Dorsett II,58500,15.0,20,20,10,10,50.55,25.34,28.36,2.9,2.5,75.0,758,109.65,471,0.3
82,82,41085-22018:Mohamed Sanu,41085-6498:Tom Brady,41085-7859:Julian Edelman,41085-54879:Deshaun Watson,41085-38301:Darren Fells,59000,4428,15.0,20,15,20,5,22.5,30,24,25,4,7.5,10,12,10,2,75.0,105.5,41.5,752,manfppg,82,mvp_top,6226,41085-22018:Mohamed Sanu,41085-6498:Tom Brady,41085-7859:Julian Edelman,41085-54879:Deshaun Watson,41085-38301:Darren Fells,59000,15.0,20,15,20,5,4.35,25.34,18.9,28.36,9.3,75.0,635,86.24999999999999,6226,0.15
83,83,41085-22018:Mohamed Sanu,41085-6498:Tom Brady,41085-7859:Julian Edelman,41085-54879:Deshaun Watson,41085-7870:Ben Watson,60000,4408,15.0,20,15,20,5,22.5,30,24,25,7,7.5,10,12,10,1,75.0,108.5,40.5,615,manfppg,83,mvp_top,10385,41085-22018:Mohamed Sanu,41085-6498:Tom Brady,41085-7859:Julian Edelman,41085-54879:Deshaun Watson,41085-7870:Ben Watson,60000,15.0,20,15,20,5,4.35,25.34,18.9,28.36,2.8,75.0,645,79.74999999999999,10385,0.1
84,84,41085-22018:Mohamed Sanu,41085-6498:Tom Brady,41085-28473:Carlos Hyde,41085-54879:Deshaun Watson,41085-25837:Duke Johnson,58500,5963,15.0,20,12,20,8,22.5,30,15,25,10,7.5,10,7,10,2,75.0,102.5,36.5,650,manfppg,84,mvp_top,11544,41085-22018:Mohamed Sanu,41085-6498:Tom Brady,41085-28473:Carlos Hyde,41085-54879:Deshaun Watson,41085-25837:Duke Johnson,58500,15.0,20,12,20,8,4.35,25.34,2.7,28.36,17.5,75.0,622,78.25,11544,0.1
85,85,41085-22018:Mohamed Sanu,41085-6498:Tom Brady,41085-28930:James White,41085-54879:Deshaun Watson,41085-25813:Phillip Dorsett II,58500,6403,15.0,20,10,20,10,22.5,30,15,25,15,7.5,10,1,10,3,75.0,107.5,31.5,708,manfppg,85,mvp_top,3039,41085-22018:Mohamed Sanu,41085-6498:Tom Brady,41085-28930:James White,41085-54879:Deshaun Watson,41085-25813:Phillip Dorsett II,58500,15.0,20,10,20,10,4.35,25.34,33.7,28.36,2.5,75.0,757,94.25,3039,0.15
86,86,41085-22018:Mohamed Sanu,41085-6498:Tom Brady,41085-7859:Julian Edelman,41085-54879:Deshaun Watson,41085-57338:Jordan Akins,59500,4423,15.0,20,15,20,5,22.5,30,24,25,4,7.5,10,12,10,2,75.0,105.5,41.5,753,manfppg,86,mvp_top,10686,41085-22018:Mohamed Sanu,41085-6498:Tom Brady,41085-7859:Julian Edelman,41085-54879:Deshaun Watson,41085-57338:Jordan Akins,59500,15.0,20,15,20,5,4.35,25.34,18.9,28.36,2.4,75.0,653,79.35,10686,0.1
87,87,41085-28930:James White,41085-6498:Tom Brady,41085-7859:Julian Edelman,41085-54879:Deshaun Watson,41085-57338:Jordan Akins,60000,4388,15.0,20,15,20,5,22.5,30,24,25,4,1.5,10,12,10,2,75.0,105.5,35.5,633,manfppg,87,mvp_top,22,41085-28930:James White,41085-6498:Tom Brady,41085-7859:Julian Edelman,41085-54879:Deshaun Watson,41085-57338:Jordan Akins,60000,15.0,20,15,20,5,50.55,25.34,18.9,28.36,2.4,75.0,590,125.55,22,5.0
88,88,41085-28930:James White,41085-6498:Tom Brady,41085-7859:Julian Edelman,41085-54879:Deshaun Watson,41085-38301:Darren Fells,59500,4393,15.0,20,15,20,5,22.5,30,24,25,4,1.5,10,12,10,2,75.0,105.5,35.5,632,manfppg,88,mvp_top,5,41085-28930:James White,41085-6498:Tom Brady,41085-7859:Julian Edelman,41085-54879:Deshaun Watson,41085-38301:Darren Fells,59500,15.0,20,15,20,5,50.55,25.34,18.9,28.36,9.3,75.0,639,132.45,5,75.0
89,89,41085-53640:Sony Michel,41085-6498:Tom Brady,41085-54879:Deshaun Watson,41085-28930:James White,41085-25813:Phillip Dorsett II,59500,5382,15.0,20,20,10,10,15.0,30,25,15,15,4.5,10,10,1,3,75.0,100.0,28.5,740,manfppg,89,mvp_top,2352,41085-53640:Sony Michel,41085-6498:Tom Brady,41085-54879:Deshaun Watson,41085-28930:James White,41085-25813:Phillip Dorsett II,59500,15.0,20,20,10,10,6.75,25.34,28.36,33.7,2.5,75.0,713,96.65,2352,0.15
90,90,41085-53640:Sony Michel,41085-6498:Tom Brady,41085-54879:Deshaun Watson,41085-28473:Carlos Hyde,41085-25837:Duke Johnson,59500,5342,15.0,20,20,12,8,15.0,30,25,15,10,4.5,10,10,7,2,75.0,95.0,33.5,770,manfppg,90,mvp_top,9741,41085-53640:Sony Michel,41085-6498:Tom Brady,41085-54879:Deshaun Watson,41085-28473:Carlos Hyde,41085-25837:Duke Johnson,59500,15.0,20,20,12,8,6.75,25.34,28.36,2.7,17.5,75.0,704,80.65,9741,0.15
91,91,41085-53640:Sony Michel,41085-6498:Tom Brady,41085-54879:Deshaun Watson,41085-22018:Mohamed Sanu,41085-25813:Phillip Dorsett II,59000,5442,15.0,20,20,10,10,15.0,30,25,15,15,4.5,10,10,5,3,75.0,100.0,32.5,782,manfppg,91,mvp_top,25071,41085-53640:Sony Michel,41085-6498:Tom Brady,41085-54879:Deshaun Watson,41085-22018:Mohamed Sanu,41085-25813:Phillip Dorsett II,59000,15.0,20,20,10,10,6.75,25.34,28.36,2.9,2.5,75.0,663,65.85,25071,0.1
92,92,41085-53640:Sony Michel,41085-6498:Tom Brady,41085-7859:Julian Edelman,41085-54879:Deshaun Watson,41085-38301:Darren Fells,60000,4358,15.0,20,15,20,5,15.0,30,24,25,4,4.5,10,12,10,2,75.0,98.0,38.5,605,manfppg,92,mvp_top,5071,41085-53640:Sony Michel,41085-6498:Tom Brady,41085-7859:Julian Edelman,41085-54879:Deshaun Watson,41085-38301:Darren Fells,60000,15.0,20,15,20,5,6.75,25.34,18.9,28.36,9.3,75.0,583,88.64999999999998,5071,0.15
93,93,41085-69168:N'Keal Harry,41085-6498:Tom Brady,41085-7859:Julian Edelman,41085-6642:Nick Folk,41085-54879:Deshaun Watson,60000,4489,10.5,20,15,9,20,12.0,30,24,11,25,1.5,10,12,1,10,74.5,102.0,34.5,817,manfppg,93,mvp_top,16764,41085-69168:N'Keal Harry,41085-6498:Tom Brady,41085-7859:Julian Edelman,41085-6642:Nick Folk,41085-54879:Deshaun Watson,60000,10.5,20,15,9,20,0.0,25.34,18.9,0.0,28.36,74.5,793,72.6,16764,0.1
94,94,41085-38301:Darren Fells,41085-6498:Tom Brady,41085-7859:Julian Edelman,41085-28473:Carlos Hyde,41085-54879:Deshaun Watson,60000,4369,7.5,20,15,12,20,6.0,30,24,15,25,3.0,10,12,7,10,74.5,100.0,42.0,808,manfppg,94,mvp_top,4835,41085-38301:Darren Fells,41085-6498:Tom Brady,41085-7859:Julian Edelman,41085-28473:Carlos Hyde,41085-54879:Deshaun Watson,60000,7.5,20,15,12,20,13.95,25.34,18.9,2.7,28.36,74.5,814,89.25,4835,0.15
95,95,41085-63634:Jakobi Meyers,41085-6498:Tom Brady,41085-7859:Julian Edelman,41085-29932:Ka'imi Fairbairn,41085-54879:Deshaun Watson,60000,4439,10.5,20,15,9,20,15.0,30,24,11,25,1.5,10,12,1,10,74.5,105.0,34.5,814,manfppg,95,mvp_top,6483,41085-63634:Jakobi Meyers,41085-6498:Tom Brady,41085-7859:Julian Edelman,41085-29932:Ka'imi Fairbairn,41085-54879:Deshaun Watson,60000,10.5,20,15,9,20,9.15,25.34,18.9,4.0,28.36,74.5,808,85.75,6483,0.15
96,96,41085-63634:Jakobi Meyers,41085-6498:Tom Brady,41085-7859:Julian Edelman,41085-6642:Nick Folk,41085-54879:Deshaun Watson,59500,4494,10.5,20,15,9,20,15.0,30,24,11,25,1.5,10,12,1,10,74.5,105.0,34.5,792,manfppg,96,mvp_top,8973,41085-63634:Jakobi Meyers,41085-6498:Tom Brady,41085-7859:Julian Edelman,41085-6642:Nick Folk,41085-54879:Deshaun Watson,59500,10.5,20,15,9,20,9.15,25.34,18.9,0.0,28.36,74.5,803,81.75,8973,0.15
97,97,41085-53640:Sony Michel,41085-6498:Tom Brady,41085-54879:Deshaun Watson,41085-29932:Ka'imi Fairbairn,41085-25813:Phillip Dorsett II,58500,5502,15.0,20,20,9,10,15.0,30,25,11,15,4.5,10,10,1,3,74.0,96.0,28.5,857,manfppg,97,mvp_top,23610,41085-53640:Sony Michel,41085-6498:Tom Brady,41085-54879:Deshaun Watson,41085-29932:Ka'imi Fairbairn,41085-25813:Phillip Dorsett II,58500,15.0,20,20,9,10,6.75,25.34,28.36,4.0,2.5,74.0,944,66.95,23610,0.1
98,98,41085-27338:Rex Burkhead,41085-6498:Tom Brady,41085-7859:Julian Edelman,41085-25813:Phillip Dorsett II,41085-54879:Deshaun Watson,58000,4554,9.0,20,15,10,20,9.0,30,24,15,25,3.0,10,12,3,10,74.0,103.0,38.0,834,manfppg,98,mvp_top,12248,41085-27338:Rex Burkhead,41085-6498:Tom Brady,41085-7859:Julian Edelman,41085-25813:Phillip Dorsett II,41085-54879:Deshaun Watson,58000,9.0,20,15,10,20,2.25,25.34,18.9,2.5,28.36,74.0,974,77.35,12248,0.1
99,99,41085-27338:Rex Burkhead,41085-6498:Tom Brady,41085-7859:Julian Edelman,41085-22018:Mohamed Sanu,41085-54879:Deshaun Watson,60000,4404,9.0,20,15,10,20,9.0,30,24,15,25,3.0,10,12,5,10,74.0,103.0,40.0,840,manfppg,99,mvp_top,11929,41085-27338:Rex Burkhead,41085-6498:Tom Brady,41085-7859:Julian Edelman,41085-22018:Mohamed Sanu,41085-54879:Deshaun Watson,60000,9.0,20,15,10,20,2.25,25.34,18.9,2.9,28.36,74.0,950,77.75,11929,0.1
100,100,41085-27457:Kenny Stills,41085-6498:Tom Brady,41085-7859:Julian Edelman,41085-25813:Phillip Dorsett II,41085-54879:Deshaun Watson,57500,4564,9.0,20,15,10,20,10.5,30,24,15,25,1.5,10,12,3,10,74.0,104.5,36.5,864,manfppg,100,mvp_top,2659,41085-27457:Kenny Stills,41085-6498:Tom Brady,41085-7859:Julian Edelman,41085-25813:Phillip Dorsett II,41085-54879:Deshaun Watson,57500,9.0,20,15,10,20,20.4,25.34,18.9,2.5,28.36,74.0,989,95.5,2659,0.15
101,101,41085-53640:Sony Michel,41085-6498:Tom Brady,41085-54879:Deshaun Watson,41085-28473:Carlos Hyde,41085-63634:Jakobi Meyers,59500,5337,15.0,20,20,12,7,15.0,30,25,15,10,4.5,10,10,7,1,74.0,95.0,32.5,843,manfppg,101,mvp_top,20612,41085-53640:Sony Michel,41085-6498:Tom Brady,41085-54879:Deshaun Watson,41085-28473:Carlos Hyde,41085-63634:Jakobi Meyers,59500,15.0,20,20,12,7,6.75,25.34,28.36,2.7,6.1,74.0,958,69.25,20612,0.1
102,102,41085-42028:Will Fuller V,41085-6498:Tom Brady,41085-54879:Deshaun Watson,41085-6642:Nick Folk,41085-25813:Phillip Dorsett II,59500,4997,15.0,20,20,9,10,70.5,30,25,11,15,1.5,10,10,1,3,74.0,151.5,25.5,845,manfppg,102,mvp_top,37303,41085-42028:Will Fuller V,41085-6498:Tom Brady,41085-54879:Deshaun Watson,41085-6642:Nick Folk,41085-25813:Phillip Dorsett II,59500,15.0,20,20,9,10,1.95,25.34,28.36,0.0,2.5,74.0,990,58.15,37303,0.1
103,103,41085-53640:Sony Michel,41085-6498:Tom Brady,41085-54879:Deshaun Watson,41085-22018:Mohamed Sanu,41085-6642:Nick Folk,60000,5437,15.0,20,20,10,9,15.0,30,25,15,11,4.5,10,10,5,1,74.0,96.0,30.5,867,manfppg,103,mvp_top,28648,41085-53640:Sony Michel,41085-6498:Tom Brady,41085-54879:Deshaun Watson,41085-22018:Mohamed Sanu,41085-6642:Nick Folk,60000,15.0,20,20,10,9,6.75,25.34,28.36,2.9,0.0,74.0,938,63.35,28648,0.1
104,104,41085-53640:Sony Michel,41085-6498:Tom Brady,41085-54879:Deshaun Watson,41085-6642:Nick Folk,41085-25813:Phillip Dorsett II,58000,5557,15.0,20,20,9,10,15.0,30,25,11,15,4.5,10,10,1,3,74.0,96.0,28.5,868,manfppg,104,mvp_top,29275,41085-53640:Sony Michel,41085-6498:Tom Brady,41085-54879:Deshaun Watson,41085-6642:Nick Folk,41085-25813:Phillip Dorsett II,58000,15.0,20,20,9,10,6.75,25.34,28.36,0.0,2.5,74.0,838,62.95,29275,0.1
105,105,41085-27457:Kenny Stills,41085-6498:Tom Brady,41085-7859:Julian Edelman,41085-28930:James White,41085-54879:Deshaun Watson,60000,4379,9.0,20,15,10,20,10.5,30,24,15,25,1.5,10,12,1,10,74.0,104.5,34.5,913,manfppg,105,mvp_top,17,41085-27457:Kenny Stills,41085-6498:Tom Brady,41085-7859:Julian Edelman,41085-28930:James White,41085-54879:Deshaun Watson,60000,9.0,20,15,10,20,20.4,25.34,18.9,33.7,28.36,74.0,914,126.7,17,6.0
106,106,41085-27457:Kenny Stills,41085-6498:Tom Brady,41085-7859:Julian Edelman,41085-22018:Mohamed Sanu,41085-54879:Deshaun Watson,59500,4414,9.0,20,15,10,20,10.5,30,24,15,25,1.5,10,12,5,10,74.0,104.5,38.5,862,manfppg,106,mvp_top,2565,41085-27457:Kenny Stills,41085-6498:Tom Brady,41085-7859:Julian Edelman,41085-22018:Mohamed Sanu,41085-54879:Deshaun Watson,59500,9.0,20,15,10,20,20.4,25.34,18.9,2.9,28.36,74.0,934,95.9,2565,0.15
107,107,41085-42028:Will Fuller V,41085-6498:Tom Brady,41085-54879:Deshaun Watson,41085-29932:Ka'imi Fairbairn,41085-25813:Phillip Dorsett II,60000,4942,15.0,20,20,9,10,70.5,30,25,11,15,1.5,10,10,1,3,74.0,151.5,25.5,885,manfppg,107,mvp_top,30515,41085-42028:Will Fuller V,41085-6498:Tom Brady,41085-54879:Deshaun Watson,41085-29932:Ka'imi Fairbairn,41085-25813:Phillip Dorsett II,60000,15.0,20,20,9,10,1.95,25.34,28.36,4.0,2.5,74.0,865,62.15,30515,0.1
108,108,41085-53640:Sony Michel,41085-6498:Tom Brady,41085-54879:Deshaun Watson,41085-28473:Carlos Hyde,41085-69168:N'Keal Harry,60000,5332,15.0,20,20,12,7,15.0,30,25,15,8,4.5,10,10,7,1,74.0,93.0,32.5,829,manfppg,108,mvp_top,28945,41085-53640:Sony Michel,41085-6498:Tom Brady,41085-54879:Deshaun Watson,41085-28473:Carlos Hyde,41085-69168:N'Keal Harry,60000,15.0,20,20,12,7,6.75,25.34,28.36,2.7,0.0,74.0,945,63.15000000000001,28945,0.1
109,109,41085-69168:N'Keal Harry,41085-6498:Tom Brady,41085-7859:Julian Edelman,41085-54879:Deshaun Watson,41085-25837:Duke Johnson,58500,4593,10.5,20,15,20,8,12.0,30,24,25,10,1.5,10,12,10,2,73.5,101.0,35.5,1087,manfppg,109,mvp_top,4464,41085-69168:N'Keal Harry,41085-6498:Tom Brady,41085-7859:Julian Edelman,41085-54879:Deshaun Watson,41085-25837:Duke Johnson,58500,10.5,20,15,20,8,0.0,25.34,18.9,28.36,17.5,73.5,1110,90.1,4464,0.15
110,110,41085-53640:Sony Michel,41085-6498:Tom Brady,41085-54879:Deshaun Watson,41085-28473:Carlos Hyde,41085-27457:Kenny Stills,58500,5357,15.0,20,20,12,6,15.0,30,25,15,7,4.5,10,10,7,1,73.0,92.0,32.5,1389,manfppg,110,mvp_top,12743,41085-53640:Sony Michel,41085-6498:Tom Brady,41085-54879:Deshaun Watson,41085-28473:Carlos Hyde,41085-27457:Kenny Stills,58500,15.0,20,20,12,6,6.75,25.34,28.36,2.7,13.6,73.0,1374,76.75,12743,0.1
111,111,41085-42028:Will Fuller V,41085-6498:Tom Brady,41085-54879:Deshaun Watson,41085-28473:Carlos Hyde,41085-27457:Kenny Stills,60000,4837,15.0,20,20,12,6,70.5,30,25,15,7,1.5,10,10,7,1,73.0,147.5,29.5,1200,manfppg,111,mvp_top,17448,41085-42028:Will Fuller V,41085-6498:Tom Brady,41085-54879:Deshaun Watson,41085-28473:Carlos Hyde,41085-27457:Kenny Stills,60000,15.0,20,20,12,6,1.95,25.34,28.36,2.7,13.6,73.0,1206,71.95,17448,0.1
112,112,41085-42028:Will Fuller V,41085-6498:Tom Brady,41085-54879:Deshaun Watson,41085-22018:Mohamed Sanu,41085-25837:Duke Johnson,60000,4902,15.0,20,20,10,8,70.5,30,25,15,10,1.5,10,10,5,2,73.0,150.5,28.5,1181,manfppg,112,mvp_top,13375,41085-42028:Will Fuller V,41085-6498:Tom Brady,41085-54879:Deshaun Watson,41085-22018:Mohamed Sanu,41085-25837:Duke Johnson,60000,15.0,20,20,10,8,1.95,25.34,28.36,2.9,17.5,73.0,1125,76.05,13375,0.1
113,113,41085-42028:Will Fuller V,41085-6498:Tom Brady,41085-54879:Deshaun Watson,41085-25813:Phillip Dorsett II,41085-25837:Duke Johnson,58000,5062,15.0,20,20,10,8,70.5,30,25,15,10,1.5,10,10,3,2,73.0,150.5,26.5,1321,manfppg,113,mvp_top,13737,41085-42028:Will Fuller V,41085-6498:Tom Brady,41085-54879:Deshaun Watson,41085-25813:Phillip Dorsett II,41085-25837:Duke Johnson,58000,15.0,20,20,10,8,1.95,25.34,28.36,2.5,17.5,73.0,1353,75.65,13737,0.1
114,114,41085-16606:DeAndre Hopkins,41085-54879:Deshaun Watson,41085-6498:Tom Brady,41085-25813:Phillip Dorsett II,41085-25837:Duke Johnson,60000,51,15.0,20,20,10,8,30.0,25,30,15,10,15.0,10,10,3,2,73.0,110.0,40.0,1362,manfppg,114,mvp_top,3292,41085-16606:DeAndre Hopkins,41085-54879:Deshaun Watson,41085-6498:Tom Brady,41085-25813:Phillip Dorsett II,41085-25837:Duke Johnson,60000,15.0,20,20,10,8,19.71,28.36,25.34,2.5,17.5,73.0,1137,93.41,3292,0.15
115,115,41085-53640:Sony Michel,41085-6498:Tom Brady,41085-54879:Deshaun Watson,41085-29932:Ka'imi Fairbairn,41085-6642:Nick Folk,59500,5497,15.0,20,20,9,9,15.0,30,25,11,11,4.5,10,10,1,1,73.0,92.0,26.5,1395,manfppg,115,mvp_top,27053,41085-53640:Sony Michel,41085-6498:Tom Brady,41085-54879:Deshaun Watson,41085-29932:Ka'imi Fairbairn,41085-6642:Nick Folk,59500,15.0,20,20,9,9,6.75,25.34,28.36,4.0,0.0,73.0,1311,64.45,27053,0.1
116,116,41085-53640:Sony Michel,41085-6498:Tom Brady,41085-54879:Deshaun Watson,41085-28473:Carlos Hyde,41085-27338:Rex Burkhead,59000,5347,15.0,20,20,12,6,15.0,30,25,15,6,4.5,10,10,7,2,73.0,91.0,33.5,1383,manfppg,116,mvp_top,26738,41085-53640:Sony Michel,41085-6498:Tom Brady,41085-54879:Deshaun Watson,41085-28473:Carlos Hyde,41085-27338:Rex Burkhead,59000,15.0,20,20,12,6,6.75,25.34,28.36,2.7,1.5,73.0,1378,64.65,26738,0.1
117,117,41085-27338:Rex Burkhead,41085-6498:Tom Brady,41085-7859:Julian Edelman,41085-6642:Nick Folk,41085-54879:Deshaun Watson,59000,4504,9.0,20,15,9,20,9.0,30,24,11,25,3.0,10,12,1,10,73.0,99.0,36.0,1209,manfppg,117,mvp_top,14505,41085-27338:Rex Burkhead,41085-6498:Tom Brady,41085-7859:Julian Edelman,41085-6642:Nick Folk,41085-54879:Deshaun Watson,59000,9.0,20,15,9,20,2.25,25.34,18.9,0.0,28.36,73.0,1178,74.85,14505,0.1
118,118,41085-7870:Ben Watson,41085-6498:Tom Brady,41085-7859:Julian Edelman,41085-22018:Mohamed Sanu,41085-54879:Deshaun Watson,60000,4409,7.5,20,15,10,20,10.5,30,24,15,25,1.5,10,12,5,10,72.5,104.5,38.5,1403,manfppg,118,mvp_top,10421,41085-7870:Ben Watson,41085-6498:Tom Brady,41085-7859:Julian Edelman,41085-22018:Mohamed Sanu,41085-54879:Deshaun Watson,60000,7.5,20,15,10,20,4.199999999999998,25.34,18.9,2.9,28.36,72.5,1443,79.69999999999997,10421,0.1
119,119,41085-57338:Jordan Akins,41085-6498:Tom Brady,41085-7859:Julian Edelman,41085-22018:Mohamed Sanu,41085-54879:Deshaun Watson,59500,4424,7.5,20,15,10,20,6.0,30,24,15,25,3.0,10,12,5,10,72.5,100.0,40.0,1410,manfppg,119,mvp_top,10854,41085-57338:Jordan Akins,41085-6498:Tom Brady,41085-7859:Julian Edelman,41085-22018:Mohamed Sanu,41085-54879:Deshaun Watson,59500,7.5,20,15,10,20,3.6,25.34,18.9,2.9,28.36,72.5,1450,79.1,10854,0.1
120,120,41085-57338:Jordan Akins,41085-6498:Tom Brady,41085-7859:Julian Edelman,41085-28930:James White,41085-54879:Deshaun Watson,60000,4389,7.5,20,15,10,20,6.0,30,24,15,25,3.0,10,12,1,10,72.5,100.0,36.0,1433,manfppg,120,mvp_top,450,41085-57338:Jordan Akins,41085-6498:Tom Brady,41085-7859:Julian Edelman,41085-28930:James White,41085-54879:Deshaun Watson,60000,7.5,20,15,10,20,3.6,25.34,18.9,33.7,28.36,72.5,1452,109.9,450,0.3
121,121,41085-57338:Jordan Akins,41085-6498:Tom Brady,41085-7859:Julian Edelman,41085-25813:Phillip Dorsett II,41085-54879:Deshaun Watson,57500,4574,7.5,20,15,10,20,6.0,30,24,15,25,3.0,10,12,3,10,72.5,100.0,38.0,1412,manfppg,121,mvp_top,11173,41085-57338:Jordan Akins,41085-6498:Tom Brady,41085-7859:Julian Edelman,41085-25813:Phillip Dorsett II,41085-54879:Deshaun Watson,57500,7.5,20,15,10,20,3.6,25.34,18.9,2.5,28.36,72.5,1411,78.69999999999997,11173,0.1
122,122,41085-38301:Darren Fells,41085-6498:Tom Brady,41085-7859:Julian Edelman,41085-25813:Phillip Dorsett II,41085-54879:Deshaun Watson,57000,4579,7.5,20,15,10,20,6.0,30,24,15,25,3.0,10,12,3,10,72.5,100.0,38.0,1409,manfppg,122,mvp_top,4912,41085-38301:Darren Fells,41085-6498:Tom Brady,41085-7859:Julian Edelman,41085-25813:Phillip Dorsett II,41085-54879:Deshaun Watson,57000,7.5,20,15,10,20,13.95,25.34,18.9,2.5,28.36,72.5,1420,89.05,4912,0.15
123,123,41085-38301:Darren Fells,41085-6498:Tom Brady,41085-7859:Julian Edelman,41085-53640:Sony Michel,41085-54879:Deshaun Watson,60000,4359,7.5,20,15,10,20,6.0,30,24,10,25,3.0,10,12,3,10,72.5,95.0,38.0,1428,manfppg,123,mvp_top,4111,41085-38301:Darren Fells,41085-6498:Tom Brady,41085-7859:Julian Edelman,41085-53640:Sony Michel,41085-54879:Deshaun Watson,60000,7.5,20,15,10,20,13.95,25.34,18.9,4.5,28.36,72.5,1455,91.05,4111,0.15
124,124,41085-42028:Will Fuller V,41085-6498:Tom Brady,41085-54879:Deshaun Watson,41085-6642:Nick Folk,41085-25837:Duke Johnson,59000,5012,15.0,20,20,9,8,70.5,30,25,11,10,1.5,10,10,1,2,72.0,146.5,24.5,1767,manfppg,124,mvp_top,16195,41085-42028:Will Fuller V,41085-6498:Tom Brady,41085-54879:Deshaun Watson,41085-6642:Nick Folk,41085-25837:Duke Johnson,59000,15.0,20,20,9,8,1.95,25.34,28.36,0.0,17.5,72.0,1767,73.15,16195,0.1
125,125,41085-16606:DeAndre Hopkins,41085-54879:Deshaun Watson,41085-6498:Tom Brady,41085-25813:Phillip Dorsett II,41085-63634:Jakobi Meyers,60000,46,15.0,20,20,10,7,30.0,25,30,15,10,15.0,10,10,3,1,72.0,110.0,39.0,1831,manfppg,125,mvp_top,8793,41085-16606:DeAndre Hopkins,41085-54879:Deshaun Watson,41085-6498:Tom Brady,41085-25813:Phillip Dorsett II,41085-63634:Jakobi Meyers,60000,15.0,20,20,10,7,19.71,28.36,25.34,2.5,6.1,72.0,1858,82.00999999999998,8793,0.15
126,126,41085-42028:Will Fuller V,41085-6498:Tom Brady,41085-54879:Deshaun Watson,41085-28473:Carlos Hyde,41085-38301:Darren Fells,59500,4852,15.0,20,20,12,5,70.5,30,25,15,4,1.5,10,10,7,2,72.0,144.5,30.5,1798,manfppg,126,mvp_top,22640,41085-42028:Will Fuller V,41085-6498:Tom Brady,41085-54879:Deshaun Watson,41085-28473:Carlos Hyde,41085-38301:Darren Fells,59500,15.0,20,20,12,5,1.95,25.34,28.36,2.7,9.3,72.0,1780,67.65,22640,0.1
127,127,41085-42028:Will Fuller V,41085-6498:Tom Brady,41085-54879:Deshaun Watson,41085-29932:Ka'imi Fairbairn,41085-25837:Duke Johnson,59500,4957,15.0,20,20,9,8,70.5,30,25,11,10,1.5,10,10,1,2,72.0,146.5,24.5,1792,manfppg,127,mvp_top,12408,41085-42028:Will Fuller V,41085-6498:Tom Brady,41085-54879:Deshaun Watson,41085-29932:Ka'imi Fairbairn,41085-25837:Duke Johnson,59500,15.0,20,20,9,8,1.95,25.34,28.36,4.0,17.5,72.0,1760,77.15,12408,0.1
128,128,41085-42028:Will Fuller V,41085-6498:Tom Brady,41085-54879:Deshaun Watson,41085-22018:Mohamed Sanu,41085-63634:Jakobi Meyers,60000,4897,15.0,20,20,10,7,70.5,30,25,15,10,1.5,10,10,5,1,72.0,150.5,27.5,1775,manfppg,128,mvp_top,26760,41085-42028:Will Fuller V,41085-6498:Tom Brady,41085-54879:Deshaun Watson,41085-22018:Mohamed Sanu,41085-63634:Jakobi Meyers,60000,15.0,20,20,10,7,1.95,25.34,28.36,2.9,6.1,72.0,1752,64.64999999999999,26760,0.1
129,129,41085-42028:Will Fuller V,41085-7859:Julian Edelman,41085-54879:Deshaun Watson,41085-28473:Carlos Hyde,41085-25813:Phillip Dorsett II,60000,8722,15.0,15,20,12,10,70.5,24,25,15,15,1.5,12,10,7,3,72.0,149.5,33.5,1741,manfppg,129,mvp_top,44081,41085-42028:Will Fuller V,41085-7859:Julian Edelman,41085-54879:Deshaun Watson,41085-28473:Carlos Hyde,41085-25813:Phillip Dorsett II,60000,15.0,15,20,12,10,1.95,18.9,28.36,2.7,2.5,72.0,1732,54.41,44081,0.1
130,130,41085-42028:Will Fuller V,41085-7859:Julian Edelman,41085-6498:Tom Brady,41085-28473:Carlos Hyde,41085-25813:Phillip Dorsett II,59000,51197,15.0,15,20,12,10,70.5,24,30,15,15,1.5,12,10,7,3,72.0,154.5,33.5,1733,manfppg,130,mvp_top,49922,41085-42028:Will Fuller V,41085-7859:Julian Edelman,41085-6498:Tom Brady,41085-28473:Carlos Hyde,41085-25813:Phillip Dorsett II,59000,15.0,15,20,12,10,1.95,18.9,25.34,2.7,2.5,72.0,1871,51.39,49922,0.1
131,131,41085-42028:Will Fuller V,41085-6498:Tom Brady,41085-54879:Deshaun Watson,41085-28473:Carlos Hyde,41085-57338:Jordan Akins,60000,4847,15.0,20,20,12,5,70.5,30,25,15,4,1.5,10,10,7,2,72.0,144.5,30.5,1815,manfppg,131,mvp_top,32743,41085-42028:Will Fuller V,41085-6498:Tom Brady,41085-54879:Deshaun Watson,41085-28473:Carlos Hyde,41085-57338:Jordan Akins,60000,15.0,20,20,12,5,1.95,25.34,28.36,2.7,2.4,72.0,1797,60.75,32743,0.1
132,132,41085-42028:Will Fuller V,41085-6498:Tom Brady,41085-54879:Deshaun Watson,41085-25813:Phillip Dorsett II,41085-69168:N'Keal Harry,58500,5052,15.0,20,20,10,7,70.5,30,25,15,8,1.5,10,10,3,1,72.0,148.5,25.5,1701,manfppg,132,mvp_top,37306,41085-42028:Will Fuller V,41085-6498:Tom Brady,41085-54879:Deshaun Watson,41085-25813:Phillip Dorsett II,41085-69168:N'Keal Harry,58500,15.0,20,20,10,7,1.95,25.34,28.36,2.5,0.0,72.0,1772,58.15,37306,0.1
133,133,41085-16606:DeAndre Hopkins,41085-54879:Deshaun Watson,41085-6498:Tom Brady,41085-25813:Phillip Dorsett II,41085-27457:Kenny Stills,59000,66,15.0,20,20,10,6,30.0,25,30,15,7,15.0,10,10,3,1,71.0,107.0,39.0,2026,manfppg,133,mvp_top,4704,41085-16606:DeAndre Hopkins,41085-54879:Deshaun Watson,41085-6498:Tom Brady,41085-25813:Phillip Dorsett II,41085-27457:Kenny Stills,59000,15.0,20,20,10,6,19.71,28.36,25.34,2.5,13.6,71.0,2205,89.50999999999998,4704,0.15
134,134,41085-16606:DeAndre Hopkins,41085-54879:Deshaun Watson,41085-6498:Tom Brady,41085-25813:Phillip Dorsett II,41085-27338:Rex Burkhead,59500,56,15.0,20,20,10,6,30.0,25,30,15,6,15.0,10,10,3,2,71.0,106.0,40.0,2116,manfppg,134,mvp_top,12196,41085-16606:DeAndre Hopkins,41085-54879:Deshaun Watson,41085-6498:Tom Brady,41085-25813:Phillip Dorsett II,41085-27338:Rex Burkhead,59500,15.0,20,20,10,6,19.71,28.36,25.34,2.5,1.5,71.0,2222,77.41,12196,0.1
135,135,41085-16606:DeAndre Hopkins,41085-54879:Deshaun Watson,41085-6498:Tom Brady,41085-25813:Phillip Dorsett II,41085-7870:Ben Watson,59500,61,15.0,20,20,10,5,30.0,25,30,15,7,15.0,10,10,3,1,70.0,107.0,39.0,3067,manfppg,135,mvp_top,11171,41085-16606:DeAndre Hopkins,41085-54879:Deshaun Watson,41085-6498:Tom Brady,41085-25813:Phillip Dorsett II,41085-7870:Ben Watson,59500,15.0,20,20,10,5,19.71,28.36,25.34,2.5,2.8,70.0,2850,78.71,11171,0.1
136,136,41085-16606:DeAndre Hopkins,41085-54879:Deshaun Watson,41085-6498:Tom Brady,41085-25813:Phillip Dorsett II,41085-38301:Darren Fells,58500,81,15.0,20,20,10,5,30.0,25,30,15,4,15.0,10,10,3,2,70.0,104.0,40.0,3040,manfppg,136,mvp_top,6791,41085-16606:DeAndre Hopkins,41085-54879:Deshaun Watson,41085-6498:Tom Brady,41085-25813:Phillip Dorsett II,41085-38301:Darren Fells,58500,15.0,20,20,10,5,19.71,28.36,25.34,2.5,9.3,70.0,2971,85.21,6791,0.15
137,137,41085-16606:DeAndre Hopkins,41085-6498:Tom Brady,41085-7859:Julian Edelman,41085-22018:Mohamed Sanu,41085-25813:Phillip Dorsett II,60000,27735,15.0,20,15,10,10,30.0,30,24,15,15,15.0,10,12,5,3,70.0,114.0,45.0,3033,manfppg,137,mvp_top,20479,41085-16606:DeAndre Hopkins,41085-6498:Tom Brady,41085-7859:Julian Edelman,41085-22018:Mohamed Sanu,41085-25813:Phillip Dorsett II,60000,15.0,20,15,10,10,19.71,25.34,18.9,2.9,2.5,70.0,2770,69.35,20479,0.1
138,138,41085-16606:DeAndre Hopkins,41085-54879:Deshaun Watson,41085-6498:Tom Brady,41085-25813:Phillip Dorsett II,41085-57338:Jordan Akins,59000,76,15.0,20,20,10,5,30.0,25,30,15,4,15.0,10,10,3,2,70.0,104.0,40.0,3022,manfppg,138,mvp_top,11484,41085-16606:DeAndre Hopkins,41085-54879:Deshaun Watson,41085-6498:Tom Brady,41085-25813:Phillip Dorsett II,41085-57338:Jordan Akins,59000,15.0,20,20,10,5,19.71,28.36,25.34,2.5,2.4,70.0,2965,78.31,11484,0.1
139,139,41085-16606:DeAndre Hopkins,41085-54879:Deshaun Watson,41085-6498:Tom Brady,41085-6642:Nick Folk,41085-27457:Kenny Stills,60000,21,15.0,20,20,9,6,30.0,25,30,11,7,15.0,10,10,1,1,70.0,103.0,37.0,2911,manfppg,139,mvp_top,5842,41085-16606:DeAndre Hopkins,41085-54879:Deshaun Watson,41085-6498:Tom Brady,41085-6642:Nick Folk,41085-27457:Kenny Stills,60000,15.0,20,20,9,6,19.71,28.36,25.34,0.0,13.6,70.0,3070,87.00999999999998,5842,0.15
140,140,41085-16606:DeAndre Hopkins,41085-54879:Deshaun Watson,41085-6498:Tom Brady,41085-63634:Jakobi Meyers,41085-25837:Duke Johnson,59500,136,15.0,20,20,7,8,30.0,25,30,10,10,15.0,10,10,1,2,70.0,105.0,38.0,2904,manfppg,140,mvp_top,2291,41085-16606:DeAndre Hopkins,41085-54879:Deshaun Watson,41085-6498:Tom Brady,41085-63634:Jakobi Meyers,41085-25837:Duke Johnson,59500,15.0,20,20,7,8,19.71,28.36,25.34,6.1,17.5,70.0,2595,97.01,2291,0.15
141,141,41085-16606:DeAndre Hopkins,41085-54879:Deshaun Watson,41085-6498:Tom Brady,41085-69168:N'Keal Harry,41085-25837:Duke Johnson,60000,96,15.0,20,20,7,8,30.0,25,30,8,10,15.0,10,10,1,2,70.0,103.0,38.0,2727,manfppg,141,mvp_top,4176,41085-16606:DeAndre Hopkins,41085-54879:Deshaun Watson,41085-6498:Tom Brady,41085-69168:N'Keal Harry,41085-25837:Duke Johnson,60000,15.0,20,20,7,8,19.71,28.36,25.34,0.0,17.5,70.0,2968,90.91,4176,0.15
142,142,41085-22898:Brandon Bolden,41085-6498:Tom Brady,41085-7859:Julian Edelman,41085-28473:Carlos Hyde,41085-54879:Deshaun Watson,59000,4374,3.0,20,15,12,20,15.0,30,24,15,25,1.5,10,12,7,10,70.0,109.0,40.5,2819,manfppg,142,mvp_top,14054,41085-22898:Brandon Bolden,41085-6498:Tom Brady,41085-7859:Julian Edelman,41085-28473:Carlos Hyde,41085-54879:Deshaun Watson,59000,3.0,20,15,12,20,0.0,25.34,18.9,2.7,28.36,70.0,2993,75.3,14054,0.1
143,143,41085-16606:DeAndre Hopkins,41085-54879:Deshaun Watson,41085-6498:Tom Brady,41085-6642:Nick Folk,41085-38301:Darren Fells,59500,36,15.0,20,20,9,5,30.0,25,30,11,4,15.0,10,10,1,2,69.0,100.0,38.0,3638,manfppg,143,mvp_top,8358,41085-16606:DeAndre Hopkins,41085-54879:Deshaun Watson,41085-6498:Tom Brady,41085-6642:Nick Folk,41085-38301:Darren Fells,59500,15.0,20,20,9,5,19.71,28.36,25.34,0.0,9.3,69.0,3563,82.71,8358,0.15
144,144,41085-16606:DeAndre Hopkins,41085-54879:Deshaun Watson,41085-6498:Tom Brady,41085-69168:N'Keal Harry,41085-63634:Jakobi Meyers,60000,91,15.0,20,20,7,7,30.0,25,30,8,10,15.0,10,10,1,1,69.0,103.0,37.0,3837,manfppg,144,mvp_top,10573,41085-16606:DeAndre Hopkins,41085-54879:Deshaun Watson,41085-6498:Tom Brady,41085-69168:N'Keal Harry,41085-63634:Jakobi Meyers,60000,15.0,20,20,7,7,19.71,28.36,25.34,0.0,6.1,69.0,3616,79.50999999999998,10573,0.1
145,145,41085-64242:Keke Coutee,41085-6498:Tom Brady,41085-7859:Julian Edelman,41085-25813:Phillip Dorsett II,41085-54879:Deshaun Watson,57500,4569,1.5,20,15,10,20,10.5,30,24,15,25,1.5,10,12,3,10,66.5,104.5,36.5,6084,manfppg,145,mvp_top,14228,41085-64242:Keke Coutee,41085-6498:Tom Brady,41085-7859:Julian Edelman,41085-25813:Phillip Dorsett II,41085-54879:Deshaun Watson,57500,1.5,20,15,10,20,0.0,25.34,18.9,2.5,28.36,66.5,6110,75.1,14228,0.1
